OBJECTID,ID,DIR,LENGTH,LINKID,COUNTRY,JURISCODE,JURISNAME,ROADNUM,ROADNAME,ADMIN,SURFACE,LANES,SPEEDLIM,CLASS,NHS,BORDER,Shape__Length
126947,541976,0,0.32,02_6756462,2,02_41,Oregon,S213,S CASCADE HWY,State,Paved,2,56,3,10,0,0.00298131240211612
125951,541020,0,1.05,02_6694417,2,02_41,Oregon,S99W,W PACIFIC HWY,State,Paved,2,88,3,7,0,0.0111174661642047
123366,541228,0,3.35,02_6706850,2,02_41,Oregon, ,COLUMBIA BLVD,Municipal,Paved,4,40,3,8,0,0.0386068413097106
123295,542026,0,0.91,02_6758595,2,02_41,Oregon,S99E,MCLOUGHLIN BLVD,State,Paved,4,64,3,10,0,0.00908363341053752
127611,542659,0,0.12,02_6774110,2,02_41,Oregon, ,39TH AV,Municipal,Paved,2,72,3,10,0,0.00107955798274183
127872,542557,0,0.07,02_6771063,2,02_41,Oregon, , ,Municipal,Paved,2,40,3,10,0,0.000846005709400709
127279,543074,0,0.01,02_6788079,2,02_41,Oregon, ,AIRPORT WY,Municipal,Paved,2,40,3,8,0,0.000161941458724347
126876,543557,0,0.19,02_6809361,2,02_53,Washington, ,C ST,Municipal,Paved,2,80,3,0,0,0.00177223463205954
126615,543816,0,0.4,02_6816363,2,02_53,Washington, ,NE ANDERSEN AV,Municipal,Paved,4,56,3,10,0,0.00363017368479025
122963,541420,0,0.11,02_6705332,2,02_41,Oregon, ,EVERETT ST,Municipal,Paved,2,72,4,8,0,0.00145433397944575
126283,541364,0,0.25,02_6705942,2,02_41,Oregon,I405,STADIUM EXWY,State,Paved,6,104,1,1,0,0.00229583348841157
127208,542815,0,0.07,02_6778816,2,02_41,Oregon, ,DIVISION ST,Municipal,Paved,4,40,5,0,0,0.000865332415555334
127540,542689,0,0.01,02_6774459,2,02_41,Oregon, ,KILLINGSWORTH ST,Municipal,Paved,2,64,4,0,0,0.000116018657467164
128536,543608,0,0.36,02_6810675,2,02_53,Washington,S14,LEWIS AND CLARK HWY,State,Paved,4,96,2,7,0,0.00456887507215597
126544,543492,0,1.75,02_6822412,2,02_53,Washington, ,SE MILL PLAIN BLVD,Municipal,Paved,6,64,3,10,0,0.0223182175638428
126924,541958,0,0.56,02_6755013,2,02_41,Oregon,I205,E PORTLAND FRWY,State,Paved,4,88,1,1,0,0.00710508609624232
122940,541245,0,0.16,02_6700104,2,02_41,Oregon, , ,Municipal,Paved,4,48,3,10,0,0.00197545794557239
123389,541450,0,1.39,02_6708125,2,02_41,Oregon, ,SWIFT HWY 120,Municipal,Paved,2,72,4,8,0,0.0149841000020041
126260,541360,0,0,02_6703919,2,02_41,Oregon,I405,STADIUM EXWY,State,Paved,6,104,1,1,0,1.66432233691918E-05
127895,542719,0,0.4,02_6775102,2,02_41,Oregon,S99E,UNION AV,State,Paved,4,48,3,10,0,0.00361266170425446
127563,542890,0,0.47,02_6780574,2,02_41,Oregon, ,CORNFOOT GABRESKI RD,Municipal,Paved,2,72,5,8,0,0.00588799427299501
123057,538108,0,0.06,02_6775927,2,02_41,Oregon, ,MARINE DR,Municipal,Paved,4,88,3,8,0,0.00065004265872069
125928,541005,0,0.23,02_6693823,2,02_41,Oregon,I5,PACIFIC HWY,State,Paved,6,104,1,1,0,0.00219125068482119
128559,543899,0,0.05,02_6818596,2,02_53,Washington,S500, ,State,Paved,5,88,2,7,0,0.000560628919866079
127325,542094,0,0.02,02_6760809,2,02_41,Oregon, ,MOLALLA AV,Municipal,Paved,2,56,4,0,0,0.000166184084907823
125997,540808,0,0.4,02_6694709,2,02_41,Oregon,S217,BEAVERTON-TIGARD HWY,State,Paved,4,88,2,7,0,0.00374096477217781
126329,541267,0,0.19,02_6701010,2,02_41,Oregon,S217,BEAVERTON-TIGARD HWY,State,Paved,4,88,2,7,0,0.00174929096938186
127657,542338,0,0.03,02_6766405,2,02_41,Oregon,I5,PACIFIC HWY,State,Paved,4,104,1,1,0,0.000287731408751627
127989,543050,0,0.17,02_6787341,2,02_41,Oregon, , ,Municipal,Paved,4,72,3,10,0,0.00216244742588009
128321,543941,0,0.03,02_6820082,2,02_53,Washington, ,NE 83RD ST,Municipal,Paved,4,72,3,10,0,0.00039873882922976
125665,540835,0,0.61,02_6687135,2,02_41,Oregon,S10,FARMINGTON RD,State,Paved,2,64,3,10,0,0.00717587047090146
128582,543825,0,0.81,02_6817733,2,02_53,Washington, ,NE 112TH AV,Municipal,Paved,4,56,3,10,0,0.0072705936412698
128250,543849,0,0.06,02_6817584,2,02_53,Washington,I205, ,State,Paved,6,96,1,1,0,0.000526243383458927
126638,541913,0,3.75,02_6783280,2,02_41,Oregon, ,S REDLAND RD,Municipal,Paved,2,72,4,0,0,0.0449955685849203
126306,541456,0,0.34,02_6706703,2,02_41,Oregon, ,61ST ST,Municipal,Paved,2,56,4,8,0,0.00346444222964889
125974,541315,0,1.72,02_6702760,2,02_41,Oregon, ,LOMBARD ST,Municipal,Paved,2,40,4,8,0,0.0168792279187068
127302,542062,0,0.27,02_6760114,2,02_41,Oregon,S99E,MCLOUGHLIN BLVD,State,Paved,6,72,3,7,0,0.00242740807145292
127634,542405,0,0.05,02_6767855,2,02_41,Oregon, ,GLISAN ST,Municipal,Paved,2,72,4,8,0,0.000600100878702699
128298,543928,0,0.79,02_6819417,2,02_53,Washington, ,NW 78TH ST,Municipal,Paved,2,64,4,0,0,0.0100773677857916
128396,543514,0,0.76,02_6815226,2,02_53,Washington, ,NE 78TH ST,Municipal,Paved,2,64,3,10,0,0.00958362496678736
127966,543270,0,0.16,02_6793730,2,02_41,Oregon, , ,Municipal,Paved,2,56,3,10,0,0.00145723232879422
126120,541156,0,0.13,02_6697420,2,02_41,Oregon, ,KRUSE WY,Municipal,Paved,4,88,2,7,0,0.00159201926651671
122871,541204,0,0.77,02_6698504,2,02_41,Oregon,S43,BOONES FERRY RD,State,Paved,4,56,3,7,0,0.00781123631367932
125456,540916,0,0.47,02_6689806,2,02_41,Oregon,U26,SUNSET HWY,State,Paved,4,88,2,7,0,0.00565512163079087
127371,542142,0,0.05,02_6762484,2,02_41,Oregon,S212,CARVER HWY,State,Paved,5,56,3,7,0,0.000578104075171779
127448,542622,0,0.42,02_6773071,2,02_41,Oregon,U26,POWELL BLVD,State,Paved,4,64,3,10,0,0.00521697368709005
127709,542330,0,0.01,02_6766249,2,02_41,Oregon,S43N,MACADAM AV,State,Paved,2,64,3,10,0,8.85269660142163E-05
128373,543693,0,0.17,02_6812674,2,02_53,Washington,S14,LEWIS AND CLARK HWY,State,Paved,4,96,2,7,0,0.00213043579354351
126114,540871,0,0.26,02_6687932,2,02_41,Oregon, ,MURRAY BLVD,Municipal,Paved,4,72,3,10,0,0.00236601913545866
126043,540895,0,0.41,02_6688997,2,02_41,Oregon, ,CORNELL RD,Municipal,Paved,4,72,3,7,0,0.00522515665582798
125450,540906,0,0.16,02_6689498,2,02_41,Oregon, , ,Municipal,Paved,4,72,3,0,0,0.00200286131579252
126784,543124,0,0.14,02_6789577,2,02_41,Oregon,U26,POWELL BLVD,State,Paved,4,56,3,10,0,0.00177897157695197
128035,543208,0,0.17,02_6792043,2,02_41,Oregon, , ,Municipal,Paved,2,72,3,10,0,0.0015316650431646
127348,542135,0,0.31,02_6761842,2,02_41,Oregon, ,S REDLAND RD,Municipal,Paved,2,72,4,0,0,0.00379676731725314
126020,541059,0,0.03,02_6695399,2,02_41,Oregon,S10,BARBUR BLVD,State,Paved,2,88,3,7,0,0.000357806336506852
126143,541175,0,0.19,02_6697997,2,02_41,Oregon,S10,BARBUR BLVD,State,Paved,2,88,3,7,0,0.00237667469827645
126137,540990,0,0.19,02_6697907,2,02_41,Oregon,S10,BARBUR BLVD,State,Paved,2,88,3,7,0,0.0021970995253247
127686,542304,0,0.23,02_6765697,2,02_41,Oregon,S99W,FRONT ST,State,Paved,4,72,4,0,0,0.0022334219068369
128012,543196,0,0.42,02_6791191,2,02_41,Oregon, ,BURNSIDE RD,Municipal,Paved,4,72,3,7,0,0.00528482477929506
127022,543017,0,0.81,02_6786071,2,02_41,Oregon, ,DIVISION ST,Municipal,Paved,4,56,3,10,0,0.0103266245360151
127465,542759,0,0.34,02_6776587,2,02_41,Oregon,S99E,UNION AV,State,Paved,4,88,3,8,0,0.00327733816153416
127471,542766,0,0.8,02_6776843,2,02_41,Oregon, ,KILLINGSWORTH ST,Municipal,Paved,2,64,4,0,0,0.0102334133583009
128350,543638,0,0.31,02_6812225,2,02_53,Washington, ,NW 78TH ST,Municipal,Paved,2,56,3,10,0,0.00403013694123053
125473,540934,0,0.08,02_6690316,2,02_41,Oregon, ,CORNELIUS PASS RD,Municipal,Paved,4,40,3,10,0,0.000723566790972298
127417,542113,0,0.02,02_6761488,2,02_41,Oregon,I205,E PORTLAND FRWY,State,Paved,6,88,1,1,0,0.000237621066523906
122917,541216,0,0.2,02_6699343,2,02_41,Oregon,I5,PACIFIC HWY,State,Paved,6,104,1,1,0,0.00234197990305721
126335,541283,0,0.07,02_6701065,2,02_41,Oregon,S8,CANYON RD,State,Paved,2,88,3,10,0,0.000825840571649629
127663,542278,0,0.29,02_6766477,2,02_41,Oregon,I5,PACIFIC HWY,State,Paved,4,104,1,1,0,0.00334312180962715
127494,542903,0,0.16,02_6781546,2,02_41,Oregon,S213,82ND AV,State,Paved,4,80,3,10,0,0.00140824211869712
128327,543657,0,0.1,02_6811521,2,02_53,Washington, , ,Municipal,Paved,4,56,3,10,0,0.000976978185287056
126166,541143,0,0.06,02_6696910,2,02_41,Oregon, ,SW STAFFORD RD,Municipal,Paved,2,88,4,0,0,0.000609002688766104
126312,541265,0,0.14,02_6700284,2,02_41,Oregon,S10,BEAVERTON-HILLSBORO HWY,State,Paved,2,72,5,0,0,0.00123417018769139
127394,542189,0,0.05,02_6763094,2,02_41,Oregon,I205,E PORTLAND FRWY,State,Paved,6,88,1,1,0,0.000477602443830593
127640,542424,0,0.02,02_6768210,2,02_41,Oregon, ,BROADWAY AV,Municipal,Paved,4,72,3,8,0,0.000211357546694687
128058,543148,0,0.18,02_6790143,2,02_41,Oregon, , ,Municipal,Paved,6,72,3,10,0,0.00158111389328504
127517,542932,0,0.19,02_6782238,2,02_41,Oregon, ,COLUMBIA BLVD,Municipal,Paved,2,72,3,8,0,0.00236647366500393
125427,541619,0,0.31,02_6722518,2,02_41,Oregon, ,N PACIFIC GATEWAY BLVD,Municipal,Paved,2,72,3,8,0,0.00333434619982698
126189,541065,0,1.18,02_6695576,2,02_41,Oregon,I205,E PORTLAND FRWY,State,Paved,6,104,1,1,0,0.0149820349508453
125648,540817,0,1.47,02_6685960,2,02_41,Oregon,S10, ,State,Paved,2,72,4,0,0,0.0152114670358697
128304,543933,0,0.07,02_6819489,2,02_53,Washington,I205, ,State,Paved,4,96,1,1,0,0.0007238871448924
126976,543393,0,1.4,02_6803021,2,02_53,Washington,S14, ,State,Paved,4,88,2,7,0,0.0176194070857054
128181,543963,0,0.69,02_6820510,2,02_53,Washington, ,NE 83RD ST,Municipal,Paved,2,72,3,10,0,0.00889076599076481
125874,541295,0,0.8,02_6701426,2,02_41,Oregon,S10,BEAVERTON-HILLSBORO HWY,State,Paved,4,56,3,10,0,0.0102084052659041
123372,541229,0,0.71,02_6707185,2,02_41,Oregon, ,YEON AV,Municipal,Paved,4,72,3,7,0,0.00861380488528196
127202,542814,0,0.55,02_6778762,2,02_41,Oregon,I205,E PORTLAND FRWY,State,Paved,6,88,1,1,0,0.00491164083879976
128530,543607,0,0.1,02_6810271,2,02_53,Washington,S14,LEWIS AND CLARK HWY,State,Paved,5,96,2,7,0,0.001144036480513
126870,543552,0,0.17,02_6808995,2,02_53,Washington, ,WASHINGTON ST,Municipal,Paved,3,40,3,10,0,0.00154323584088604
126621,543817,0,0.4,02_6816900,2,02_53,Washington,S500, ,State,Paved,5,88,2,7,0,0.00469485258071238
127949,543254,0,0.09,02_6793203,2,02_41,Oregon,U30  P,SANDY BLVD,State,Paved,2,64,4,0,0,0.00107676833613124
128281,543740,0,0.16,02_6814970,2,02_53,Washington,I5, ,State,Paved,8,96,1,1,0,0.00144997425895777
125934,541014,0,0.19,02_6693889,2,02_41,Oregon, ,SW BOONES FERRY RD,Municipal,Paved,2,72,4,0,0,0.00172910337020098
126229,541112,0,0.03,02_6696244,2,02_41,Oregon, , ,Municipal,Paved,3,72,3,10,0,0.000282639177608411
122934,541254,0,0.05,02_6699745,2,02_41,Oregon, ,BROADWAY,Municipal,Paved,4,72,3,0,0,0.000465802094659927
126266,541371,0,0.21,02_6704418,2,02_41,Oregon,U30,ST HELENS RD,State,Paved,2,72,4,0,0,0.00266245121979087
123266,542028,0,0.03,02_6760057,2,02_41,Oregon, , ,Municipal,Paved,4,88,2,10,0,0.000415207357997431
127594,542642,0,0.06,02_6773513,2,02_41,Oregon, ,39TH AV,Municipal,Paved,2,72,3,10,0,0.000638359036288413
127262,542870,0,0.69,02_6780273,2,02_41,Oregon,I205,E PORTLAND FRWY,State,Paved,6,88,1,1,0,0.0063556385833831
127557,542876,0,0.2,02_6780381,2,02_41,Oregon,I84,COLUMBIA RIVER HWY,State,Paved,6,104,1,1,0,0.0019250203335726
127889,542714,0,0.5,02_6775006,2,02_41,Oregon,U30  P,LOMBARD ST,State,Paved,4,56,4,0,0,0.00637200198727359
128436,543720,0,0.05,02_6813633,2,02_53,Washington,S500, ,State,Paved,4,88,2,7,0,0.000599230520740208
128590,543872,0,0.03,02_6817871,2,02_53,Washington, ,NE FOURTH PLAIN BLVD,Municipal,Paved,4,88,3,10,0,0.000271764878977941
126561,544068,0,0.53,02_6823149,2,02_53,Washington, ,NE 162ND AV,Municipal,Paved,2,64,3,10,0,0.00480516192521912
122923,541217,0,0.61,02_6699464,2,02_41,Oregon,I5,PACIFIC HWY,State,Paved,6,104,1,1,0,0.00680820661878553
123172,542466,0,0.18,02_6768944,2,02_41,Oregon, ,INTERSTATE AV,Municipal,Paved,4,56,4,8,0,0.0018797217539142
126907,543241,0,0.02,02_6792919,2,02_41,Oregon, , ,Municipal,Paved,4,40,3,10,0,0.000152643303660632
127156,542955,0,0.04,02_6782600,2,02_41,Oregon,U30  P,COLUMBIA BLVD,State,Paved,5,72,3,8,0,0.000435498250807759
127903,542731,0,0.08,02_6775651,2,02_41,Oregon, ,COLUMBIA BLVD,Municipal,Paved,4,40,3,8,0,0.00104554807303792
127500,542906,0,0.57,02_6781679,2,02_41,Oregon, ,COLUMBIA BLVD,Municipal,Paved,2,72,3,8,0,0.00696597378436196
123074,542753,0,0.38,02_6776462,2,02_41,Oregon,I5,PACIFIC HWY,State,Paved,6,104,1,1,0,0.00362173950803608
128235,543839,0,0.07,02_6817075,2,02_53,Washington,I205, ,State,Paved,7,96,1,1,0,0.000648680479864938
127168,541995,0,0.36,02_6783100,2,02_41,Oregon, ,AIRPORT WY,Municipal,Paved,2,40,3,8,0,0.00406762808287241
128496,543527,0,0.25,02_6809624,2,02_53,Washington, ,WASHINGTON ST,Municipal,Paved,3,40,3,10,0,0.00227631747154139
126074,540958,0,0,02_6691804,2,02_41,Oregon, ,185TH AV,Municipal,Paved,5,40,3,10,0,4.30116698416852E-05
126183,541061,0,0.36,02_6695434,2,02_41,Oregon,S10,BARBUR BLVD,State,Paved,2,88,3,7,0,0.00424901551209579
126220,541104,0,0.14,02_6696188,2,02_41,Oregon, , ,Municipal,Paved,3,72,3,10,0,0.00156453191321506
125888,541310,0,0.71,02_6701915,2,02_41,Oregon,S10,BEAVERTON-HILLSBORO HWY,State,Paved,4,56,3,10,0,0.0090434525819059
125433,541638,0,0.46,02_6723342,2,02_41,Oregon, ,MARINE DR,Municipal,Paved,4,56,4,8,0,0.00546991455417391
127757,542505,0,0.25,02_6771192,2,02_41,Oregon,I84,COLUMBIA RIVER HWY,State,Paved,6,104,1,1,0,0.00292540808825075
123232,538105,0,0.1,02_6765647,2,02_41,Oregon,I405,STADIUM EXWY,State,Paved,6,104,1,1,0,0.00107767511669712
128187,543968,0,0.06,02_6820891,2,02_53,Washington,S503,NE 117TH AV,State,Paved,2,56,3,7,0,0.000579107662273229
123220,542293,0,0.17,02_6765181,2,02_41,Oregon,S99W,FRONT ST,State,Paved,2,48,4,0,0,0.00154068981280731
127843,542524,0,0.08,02_6770401,2,02_41,Oregon,S99E,UNION AV,State,Paved,4,48,3,7,0,0.000705002937498269
127855,542541,0,0.13,02_6770542,2,02_41,Oregon,I5,PACIFIC HWY,State,Paved,4,104,1,1,0,0.00113897044352719
127216,541999,0,1.06,02_6778899,2,02_41,Oregon, ,DIVISION ST,Municipal,Paved,4,56,3,10,0,0.0136083835842663
127511,542930,0,0.69,02_6781821,2,02_41,Oregon, ,ALDERWOOD RD,Municipal,Paved,2,72,5,8,0,0.00801390681800677
126761,543065,0,0.87,02_6788830,2,02_53,Washington,S14,LEWIS AND CLARK HWY,State,Paved,4,96,2,7,0,0.0108123935479484
126126,541168,0,0.04,02_6697467,2,02_41,Oregon, ,KRUSE WY,Municipal,Paved,4,88,2,7,0,0.000516717017255158
122877,541151,0,1.81,02_6699133,2,02_41,Oregon,I5,PACIFIC HWY,State,Paved,6,88,1,1,0,0.0208588722906107
127116,542246,0,0.17,02_6764347,2,02_41,Oregon,S10,FRONT ST,State,Paved,3,40,3,10,0,0.00153610853427758
127697,542323,0,0.02,02_6765825,2,02_41,Oregon,U26E,POWELL BLVD,State,Paved,2,64,4,0,0,0.000243977302615742
127703,542328,0,0.01,02_6765882,2,02_41,Oregon,U26,POWELL BLVD,State,Paved,2,64,3,10,0,0.000131460568624107
127454,542232,0,0.63,02_6773280,2,02_41,Oregon,I84,COLUMBIA RIVER HWY,State,Paved,6,104,1,1,0,0.00795931448064035
126369,541399,0,0.1,02_6705170,2,02_41,Oregon,I405,STADIUM EXWY,State,Paved,4,104,1,1,0,0.000959895032506242
128444,543731,0,0.17,02_6814117,2,02_53,Washington, ,NW 78TH ST,Municipal,Paved,6,56,3,10,0,0.00224322809462059
128041,543129,0,0.17,02_6789666,2,02_41,Oregon, , ,Municipal,Paved,6,72,3,10,0,0.00151500776337508
128290,543761,0,0.05,02_6815072,2,02_53,Washington,I5, ,State,Paved,8,96,1,1,0,0.000442162979999219
127354,542143,0,1.21,02_6762281,2,02_41,Oregon,I205,E PORTLAND FRWY,State,Paved,6,88,1,1,0,0.0113195652956141
123180,542369,0,0.02,02_6767233,2,02_41,Oregon,S99E,UNION AV,State,Paved,4,48,3,7,0,0.000174103264487092
127803,542605,0,0,02_6772321,2,02_41,Oregon, ,BROADWAY,Municipal,Paved,3,56,3,8,0,1.69997184542581E-05
128344,543636,0,0.09,02_6812103,2,02_53,Washington, ,NE HWY 99,Municipal,Paved,4,64,3,10,0,0.000793509079981934
127408,542107,0,0.01,02_6761065,2,02_41,Oregon,S99E,MCLOUGHLIN BLVD,State,Paved,6,64,3,10,0,0.000121333811052387
126323,541276,0,0.14,02_6700638,2,02_41,Oregon,S217,BEAVERTON-TIGARD HWY,State,Paved,4,88,2,7,0,0.00126192274976303
127749,542503,0,0.08,02_6771127,2,02_41,Oregon,S99E,GRAND AV,State,Paved,4,48,3,10,0,0.000713017362791827
127995,543052,0,0.16,02_6787729,2,02_41,Oregon, , ,Municipal,Paved,4,72,3,10,0,0.00209302394187708
126916,543246,0,0.13,02_6793063,2,02_41,Oregon, , ,Municipal,Paved,3,40,3,10,0,0.00118541151502109
128244,543498,0,0.19,02_6817170,2,02_53,Washington, ,SE CHKALOV DR,Municipal,Paved,2,72,4,0,0,0.00223769883127357
127162,542934,0,0.21,02_6783024,2,02_41,Oregon,I205,E PORTLAND FRWY,State,Paved,6,88,1,1,0,0.00228497216351329
128490,543565,0,0.28,02_6809540,2,02_53,Washington, ,W 14TH ST,Municipal,Paved,2,40,3,0,0,0.00345122505393672
126080,540809,0,0.79,02_6691849,2,02_41,Oregon,S10,FARMINGTON RD,State,Paved,4,64,3,10,0,0.00984013599358969
122831,540267,0,1.54,02_6676063,2,02_41,Oregon, ,CORNELL RD,Municipal,Paved,4,72,3,7,0,0.0193283034471
127308,542079,0,0.13,02_6760291,2,02_41,Oregon,S99E,MCLOUGHLIN BLVD,State,Paved,4,48,3,10,0,0.00131117979641575
126177,541161,0,0.27,02_6697356,2,02_41,Oregon,S217,BEAVERTON-TIGARD HWY,State,Paved,4,88,2,7,0,0.00294101499582068
122980,541363,0,0.56,02_6705868,2,02_41,Oregon, ,FRONT AVE,Municipal,Paved,2,56,4,8,0,0.00628730567059435
125980,541339,0,0.08,02_6703240,2,02_41,Oregon,S8,CANYON RD,State,Paved,2,88,3,10,0,0.000801776252565136
127603,542656,0,0.04,02_6773705,2,02_41,Oregon,U30  B,SANDY BLVD,State,Paved,3,72,3,10,0,0.000441863284464829
123226,542302,0,0,02_6765594,2,02_41,Oregon,S99W,FRONT ST,State,Paved,2,48,4,0,0,3.50576525029513E-05
127849,542530,0,0.32,02_6770476,2,02_41,Oregon,S99E,UNION AV,State,Paved,4,48,3,10,0,0.00284410524303202
126767,543099,0,0.35,02_6789002,2,02_41,Oregon,U30  P,SANDY BLVD,State,Paved,2,72,3,10,0,0.00439253014569563
125439,541645,0,0.03,02_6723488,2,02_53,Washington,S501,NW NEW LOWER RIVER RD,State,Paved,2,56,3,8,0,0.000356226765472369
127062,543292,0,0.3,02_6794324,2,02_53,Washington,S14, ,State,Paved,4,88,2,7,0,0.00332593349398648
128390,543766,0,0.31,02_6815122,2,02_53,Washington, ,NE HWY 99,Municipal,Paved,4,56,3,10,0,0.00292523519394479
123378,541475,0,0.1,02_6707437,2,02_41,Oregon, ,GOING ST,Municipal,Paved,4,64,5,8,0,0.00133500131603436
125868,540811,0,0.65,02_6701285,2,02_41,Oregon,U26,SUNSET HWY,State,Paved,6,88,2,7,0,0.00779676799758708
123212,542285,0,0.09,02_6765074,2,02_41,Oregon,U26E,FRONT ST,State,Paved,3,48,4,0,0,0.000841031413498515
127457,542632,0,0.27,02_6773336,2,02_41,Oregon,U30  B,SANDY BLVD,State,Paved,3,72,3,10,0,0.00325456124367944
122951,541409,0,0.16,02_6705221,2,02_41,Oregon,I405,STADIUM EXWY,State,Paved,4,104,1,1,0,0.0014516752682369
126366,541402,0,0.01,02_6705149,2,02_41,Oregon,I405,STADIUM EXWY,State,Paved,4,104,1,1,0,6.8447223336151E-05
127955,543259,0,0.12,02_6793307,2,02_41,Oregon, , ,Municipal,Paved,4,56,3,10,0,0.00110628223800374
128287,543727,0,0.19,02_6815041,2,02_53,Washington,I205, ,State,Paved,4,96,1,1,0,0.00203933110220781
127789,542378,0,0,02_6771873,2,02_41,Oregon, ,BROADWAY,Municipal,Paved,3,72,3,8,0,4.00126777216016E-05
127528,542677,0,0.11,02_6774344,2,02_41,Oregon,I5,PACIFIC HWY,State,Paved,6,88,1,1,0,0.000994099112522691
127030,543028,0,0.15,02_6786299,2,02_41,Oregon, , ,Municipal,Paved,3,72,3,10,0,0.0019057798840903
127291,543086,0,0.48,02_6788624,2,02_53,Washington,I205, ,State,Paved,8,96,1,1,0,0.0043188948506393
126864,543550,0,0.02,02_6808917,2,02_53,Washington,S14,LEWIS AND CLARK HWY,State,Paved,5,88,2,7,0,0.000192861228221024
128453,543623,0,0.09,02_6810821,2,02_53,Washington, ,E MILL PLAIN BLVD,Municipal,Paved,4,56,3,10,0,0.00111180253834108
126223,541108,0,0.02,02_6696207,2,02_41,Oregon, , ,Municipal,Paved,3,72,3,10,0,0.000238399310093932
126272,541373,0,0.06,02_6704526,2,02_41,Oregon, ,YEON AV,Municipal,Paved,4,72,3,7,0,0.000701539615938216
125891,541312,0,3.08,02_6702211,2,02_41,Oregon,U30,ST HELENS RD,State,Paved,4,64,3,7,0,0.0319734866760681
127385,542175,0,0.18,02_6763001,2,02_41,Oregon,S213,82ND AV,State,Paved,3,88,3,10,0,0.00168160200518144
123235,542306,0,0.09,02_6765669,2,02_41,Oregon,U26, ,State,Paved,2,80,4,0,0,0.0010568680739358
127434,542617,0,0.02,02_6772447,2,02_41,Oregon, ,BROADWAY,Municipal,Paved,3,56,4,10,0,0.000202021936633912
128049,543141,0,0.11,02_6789775,2,02_41,Oregon, , ,Municipal,Paved,6,72,3,10,0,0.00100006056916633
126936,541975,0,0.19,02_6756131,2,02_41,Oregon,S213,S CASCADE HWY,State,Paved,2,72,3,10,0,0.00188646191364468
126887,543217,0,0.13,02_6792127,2,02_41,Oregon, , ,Municipal,Paved,4,72,3,10,0,0.00130165869761807
127932,543177,0,0.32,02_6790908,2,02_41,Oregon,I84,COLUMBIA RIVER HWY,State,Paved,6,104,1,1,0,0.00405189973030374
127883,542712,0,0.01,02_6774961,2,02_41,Oregon,U30  P,LOMBARD ST,State,Paved,4,56,4,0,0,9.60058744280395E-05
128381,543702,0,0.27,02_6813198,2,02_53,Washington,S500, ,State,Paved,4,88,2,7,0,0.00301841312790293
128596,543878,0,0.13,02_6817975,2,02_53,Washington,I205, ,State,Paved,6,96,1,1,0,0.00136370102027718
128430,543713,0,0.22,02_6813566,2,02_53,Washington, ,NE ST JOHNS RD RD,Municipal,Paved,2,56,3,10,0,0.00202235665556321
125940,540988,0,0.08,02_6693999,2,02_41,Oregon,I205,E PORTLAND FRWY,State,Paved,6,88,1,1,0,0.0010365142747124
126246,541347,0,0.97,02_6703654,2,02_41,Oregon,U26,SUNSET HWY,State,Paved,7,88,2,7,0,0.0110810866439679
127079,542191,0,0.08,02_6763182,2,02_41,Oregon,S213,82ND AV,State,Paved,4,88,3,10,0,0.000714799655254075
127242,542829,0,0.11,02_6779649,2,02_41,Oregon,I205,E PORTLAND FRWY,State,Paved,7,88,1,1,0,0.00102525346831171
127906,542733,0,0.06,02_6775683,2,02_41,Oregon,I5,PACIFIC HWY,State,Paved,6,88,1,1,0,0.000589267675815629
128238,543835,0,0.1,02_6817118,2,02_53,Washington, ,SE MILL PLAIN BLVD,Municipal,Paved,6,56,3,10,0,0.0013001121794834
125419,541625,0,0.01,02_6722406,2,02_41,Oregon, ,LOMBARD ST,Municipal,Paved,2,56,4,8,0,6.32452667451418E-05
126083,540964,0,0.74,02_6691973,2,02_41,Oregon,S8,TUALATIN VALLEY HWY,State,Paved,4,64,3,7,0,0.00927106053602761
127314,542084,0,0.01,02_6760395,2,02_41,Oregon,I205,E PORTLAND FRWY,State,Paved,6,88,1,1,0,8.98113731161111E-05
126011,541055,0,0.21,02_6695315,2,02_41,Oregon,S99W,W PACIFIC HWY,State,Paved,2,88,3,7,0,0.00254858509936217
127597,542631,0,0.5,02_6773571,2,02_41,Oregon, ,39TH AV,Municipal,Paved,4,72,3,10,0,0.00448725112193776
127646,542429,0,0.27,02_6768258,2,02_41,Oregon,S99W,FRONT ST,State,Paved,2,72,4,0,0,0.00255884995811971
127720,542467,0,0.03,02_6769008,2,02_41,Oregon, ,INTERSTATE AV,Municipal,Paved,4,80,4,8,0,0.000249571227501392
127265,542006,0,0.17,02_6780334,2,02_41,Oregon, , ,Municipal,Paved,2,72,3,10,0,0.00215709324230071
126601,543802,0,0.44,02_6816185,2,02_53,Washington, ,NE ANDERSEN AV,Municipal,Paved,4,56,3,10,0,0.00401528723729986
128261,543508,0,1.02,02_6814264,2,02_53,Washington, ,NE 78TH ST,Municipal,Paved,2,72,3,10,0,0.0130590199778103
126060,540942,0,0.56,02_6690842,2,02_41,Oregon, ,185TH AV,Municipal,Paved,3,72,3,10,0,0.00506860089358192
127056,543287,0,0.06,02_6794244,2,02_53,Washington,S14, ,State,Paved,4,88,2,7,0,0.00080988240617842
128310,543939,0,0.18,02_6819599,2,02_53,Washington,I205, ,State,Paved,4,96,1,1,0,0.0020202830065365
123286,542021,0,0.08,02_6757752,2,02_41,Oregon,S43,WILLAMETTE DR,State,Paved,4,56,3,7,0,0.000798276428186961
127365,542155,0,0.11,02_6762395,2,02_41,Oregon,S213,82ND AV,State,Paved,4,88,2,7,0,0.00102615861192328
127122,542263,0,0.01,02_6764454,2,02_41,Oregon,S43S,HOOD AV,State,Paved,2,56,3,10,0,7.24708442295446E-05
127863,542538,0,0.2,02_6770647,2,02_41,Oregon,I5,PACIFIC HWY,State,Paved,4,104,1,1,0,0.00180914147976683
127620,542222,0,0.21,02_6774289,2,02_41,Oregon,I405, ,State,Paved,6,104,1,1,0,0.0019113404732892
127199,542812,0,0.14,02_6778695,2,02_41,Oregon,U26,POWELL BLVD,State,Paved,5,56,3,10,0,0.00167075643229008
126956,543378,0,1.03,02_6802076,2,02_41,Oregon, ,238TH DR,Municipal,Paved,4,72,4,7,0,0.0107130722545784
127342,542133,0,0.2,02_6761758,2,02_41,Oregon,S213,S CASCADE HWY,State,Paved,2,88,3,10,0,0.00184730433527793
126315,541242,0,0.27,02_6700306,2,02_41,Oregon,S10,BEAVERTON-HILLSBORO HWY,State,Paved,4,48,3,10,0,0.00347835034255453
122971,541431,0,0.11,02_6705703,2,02_41,Oregon,U30,VAUGHN ST,State,Paved,4,88,2,0,0,0.00139637239638264
123186,542371,0,0.29,02_6767293,2,02_41,Oregon,U26,POWELL BLVD,State,Paved,4,64,3,10,0,0.00361709503499981
127840,542527,0,0.08,02_6770373,2,02_41,Oregon,S99E,UNION AV,State,Paved,4,48,3,7,0,0.000708347437068725
123143,542436,0,0.09,02_6768380,2,02_41,Oregon, ,MORRISON ST,Municipal,Paved,2,56,4,7,0,0.00114636424988088
123192,538111,0,0.12,02_6767659,2,02_41,Oregon, ,EVERETT ST,Municipal,Paved,2,72,4,8,0,0.00156125093658027
128479,543644,0,0.35,02_6811425,2,02_53,Washington,I5, ,State,Paved,6,96,1,1,0,0.0032682471031027
128473,543645,0,0.19,02_6811345,2,02_53,Washington, , ,Municipal,Paved,4,88,2,0,0,0.00184572952254241
126979,543401,0,0.57,02_6803156,2,02_53,Washington, ,NE 6TH AVE,Municipal,Paved,2,56,3,10,0,0.00640986655491971
125991,541033,0,0.22,02_6694581,2,02_41,Oregon,S217,BEAVERTON-TIGARD HWY,State,Paved,4,88,2,7,0,0.00202014278541811
125917,540985,0,2.13,02_6693040,2,02_41,Oregon, ,NW CORNELIUS PASS RD,Municipal,Paved,2,56,4,0,0,0.021453862263443
123163,542453,0,0.06,02_6768865,2,02_41,Oregon,I405, ,State,Paved,6,104,1,1,0,0.000619097290937453
127740,542484,0,0.13,02_6769621,2,02_41,Oregon, ,LARRABEE AVE,Municipal,Paved,4,56,4,8,0,0.00132922604515516
127248,542865,0,0.03,02_6779754,2,02_41,Oregon,I84,COLUMBIA RIVER HWY,State,Paved,6,104,1,1,0,0.000337480452405612
123335,541651,0,0.05,02_6723616,2,02_53,Washington, ,W 16TH ST,Municipal,Paved,2,56,3,0,0,0.000584399251130891
128330,543662,0,0.11,02_6811550,2,02_53,Washington, ,MAIN ST,Municipal,Paved,2,72,3,10,0,0.000988162189296248
127912,543160,0,1.25,02_6790246,2,02_41,Oregon,U26,POWELL BLVD,State,Paved,3,56,3,10,0,0.0145031181655112
128573,543909,0,0.19,02_6819186,2,02_53,Washington,S500, ,State,Paved,5,88,2,7,0,0.00192858963939039
128404,543776,0,0.02,02_6815420,2,02_53,Washington,I205, ,State,Paved,4,96,1,1,0,0.00031621825671457
125968,541328,0,0.08,02_6702656,2,02_41,Oregon, ,LOMBARD ST,Municipal,Paved,2,40,4,8,0,0.000938889769770106
123263,542012,0,0.97,02_6759997,2,02_41,Oregon,S224,MILWAUKIE EXWY,State,Paved,4,88,2,7,0,0.0112071890175892
127099,542207,0,0.13,02_6763921,2,02_41,Oregon,I205,E PORTLAND FRWY,State,Paved,6,88,1,1,0,0.00128657749323902
127222,542832,0,0.66,02_6779036,2,02_41,Oregon, ,GLISAN ST,Municipal,Paved,4,88,3,10,0,0.00849123907730007
127763,542386,0,0.16,02_6771256,2,02_41,Oregon,S99E,GRAND AV,State,Paved,4,48,3,10,0,0.00145815818614535
127812,542607,0,0.08,02_6772403,2,02_41,Oregon, ,WEIDLER ST,Municipal,Paved,2,48,3,10,0,0.00101400731822932
127271,543005,0,0.16,02_6787943,2,02_41,Oregon, , ,Municipal,Paved,2,72,3,10,0,0.00206297401316372
127050,543276,0,1.44,02_6793957,2,02_53,Washington, , ,Municipal,Paved,4,72,3,10,0,0.0137950438105236
128353,543677,0,0.06,02_6812258,2,02_53,Washington,I5, ,State,Paved,6,96,1,1,0,0.000582086770629721
126558,544065,0,0.8,02_6823072,2,02_53,Washington, ,NE 162ND AV,Municipal,Paved,4,64,3,10,0,0.00720916044936217
123206,542279,0,0.07,02_6765002,2,02_41,Oregon,I405,STADIUM EXWY,State,Paved,6,104,1,1,0,0.000825005076744284
122957,541416,0,0.02,02_6705285,2,02_41,Oregon,I405,STADIUM EXWY,State,Paved,4,104,1,1,0,0.000206060945711475
126289,541448,0,0.07,02_6706018,2,02_41,Oregon,I405, ,State,Paved,6,104,1,1,0,0.000752229742010162
127783,542588,0,0.06,02_6771816,2,02_41,Oregon,I5,PACIFIC HWY,State,Paved,4,104,1,1,0,0.000588701944696917
127534,542686,0,0,02_6774408,2,02_41,Oregon, ,GOING ST,Municipal,Paved,2,40,4,8,0,2.71659625860551E-05
127036,543033,0,0.15,02_6786700,2,02_41,Oregon, , ,Municipal,Paved,2,72,3,10,0,0.00188309521900587
127285,543076,0,0.09,02_6788116,2,02_41,Oregon, ,AIRPORT WY,Municipal,Paved,2,40,3,8,0,0.00101417623392562
126787,543126,0,0.16,02_6789624,2,02_41,Oregon, , ,Municipal,Paved,6,72,3,10,0,0.00147337526905715
128032,543215,0,0.06,02_6791997,2,02_41,Oregon, , ,Municipal,Paved,2,72,3,10,0,0.000610696975166287
127428,542126,0,0.07,02_6761597,2,02_41,Oregon,S213,S CASCADE HWY,State,Paved,3,72,3,10,0,0.000680132261715533
127391,542186,0,0.12,02_6763073,2,02_41,Oregon,S213,82ND AV,State,Paved,4,88,2,7,0,0.00110622293515879
127926,543163,0,0.92,02_6790499,2,02_41,Oregon, ,181ST AV,Municipal,Paved,6,72,3,7,0,0.00829867811571621
125221,541487,0,0.32,02_6708367,2,02_41,Oregon,I5,PACIFIC HWY,State,Paved,6,88,1,1,0,0.0029212550913782
123063,542749,0,0.02,02_6775976,2,02_41,Oregon,S99E,UNION AV,State,Paved,4,88,3,8,0,0.000193258594467492
128424,543699,0,0.4,02_6813403,2,02_53,Washington, ,NE ST JAMES RD RD,Municipal,Paved,2,56,3,10,0,0.00358794277351272
128602,543886,0,0.02,02_6818338,2,02_53,Washington,S500, ,State,Paved,5,96,2,7,0,0.000206321797993696
125897,540967,0,0.35,02_6692085,2,02_41,Oregon,S8,TUALATIN VALLEY HWY,State,Paved,2,72,3,7,0,0.00442239078532456
128553,543894,0,0.14,02_6818517,2,02_53,Washington,I205, ,State,Paved,6,96,1,1,0,0.00131377528139673
126893,543223,0,0.07,02_6792187,2,02_41,Oregon, , ,Municipal,Paved,4,56,3,10,0,0.000602003313179309
123255,542047,0,0.61,02_6759446,2,02_41,Oregon,S224,MILWAUKIE EXWY,State,Paved,4,88,2,7,0,0.0077757324111295
123243,542037,0,0.15,02_6759064,2,02_41,Oregon,S10,W PACIFIC HWY,State,Paved,2,88,3,10,0,0.00136436751001979
127832,542520,0,0.04,02_6770279,2,02_41,Oregon, ,MORRISON ST,Municipal,Paved,2,72,4,7,0,0.000553016221691853
127820,542496,0,0.21,02_6769856,2,02_41,Oregon,I5,PACIFIC HWY,State,Paved,4,104,1,1,0,0.00229412305346787
127571,542894,0,0.09,02_6780771,2,02_41,Oregon,U30  P,KILLINGSWORTH ST,State,Paved,4,72,3,7,0,0.00111093249272107
127583,542885,0,0.81,02_6781430,2,02_41,Oregon,U30  P,KILLINGSWORTH ST,State,Paved,4,56,3,7,0,0.0104030386073402
126750,541890,0,0.76,02_6824198,2,02_53,Washington, , ,Municipal,Paved,4,64,3,10,0,0.0068794637358553
126160,541137,0,1.17,02_6696786,2,02_41,Oregon, ,SW STAFFORD RD,Municipal,Paved,2,56,4,0,0,0.011877551497838
125911,540980,0,0.34,02_6692632,2,02_41,Oregon,U26,SUNSET HWY,State,Paved,6,88,2,7,0,0.00408593975667689
128410,543784,0,0.02,02_6815834,2,02_53,Washington,I205, ,State,Paved,4,96,1,1,0,0.000167286651973428
126146,541187,0,0.06,02_6698028,2,02_41,Oregon,S99W,BARBUR BLVD,State,Paved,2,88,3,10,0,0.000729884505074321
127179,542797,0,0.79,02_6778059,2,02_41,Oregon,S213,82ND AV,State,Paved,4,56,3,10,0,0.00714846422286411
127093,542204,0,0.61,02_6763432,2,02_41,Oregon,S213,82ND AV,State,Paved,4,56,3,10,0,0.00551275100149461
127228,542840,0,0.12,02_6779516,2,02_41,Oregon,I84,COLUMBIA RIVER HWY,State,Paved,6,104,1,1,0,0.00152490485212509
127769,542572,0,0.08,02_6771638,2,02_41,Oregon, , ,Municipal,Paved,2,40,3,10,0,0.00101500458545613
127142,542945,0,0.09,02_6782438,2,02_41,Oregon,I205,E PORTLAND FRWY,State,Paved,7,88,1,1,0,0.000810453321709787
126097,540853,0,0.16,02_6687391,2,02_41,Oregon, , ,Municipal,Paved,2,72,3,10,0,0.00193840674042136
125470,540924,0,0.13,02_6690294,2,02_41,Oregon, ,CORNELL RD,Municipal,Paved,5,40,3,7,0,0.00115215835935987
128175,543958,0,0.47,02_6820278,2,02_53,Washington, ,NE 72ND AV,Municipal,Paved,2,72,4,0,0,0.00427949821070837
126203,541086,0,0.01,02_6696044,2,02_41,Oregon, , ,Municipal,Paved,2,72,3,10,0,0.00011799148788579
126197,541079,0,0.06,02_6695705,2,02_41,Oregon, , ,Municipal,Paved,2,72,3,10,0,0.000765872667128877
125954,541021,0,0.35,02_6694500,2,02_41,Oregon,S210,SCHOLLS FERRY RD,State,Paved,4,64,3,10,0,0.00396173646915234
125960,541318,0,0.31,02_6702477,2,02_41,Oregon,U30,ST HELENS RD,State,Paved,4,64,3,7,0,0.00340314937222675
127875,542558,0,0.13,02_6771101,2,02_41,Oregon,S99E,UNION AV,State,Paved,4,48,3,10,0,0.0011281876259818
127869,542549,0,0.16,02_6771042,2,02_41,Oregon,I5,PACIFIC HWY,State,Paved,4,104,1,1,0,0.00139522404477465
127626,542411,0,0.02,02_6767801,2,02_41,Oregon, ,GLISAN ST,Municipal,Paved,2,72,4,8,0,0.000249049719962749
128361,543682,0,0.55,02_6812377,2,02_53,Washington, ,GRAND BLVD,Municipal,Paved,2,56,3,10,0,0.0049362522238929
128367,543687,0,0.16,02_6812538,2,02_53,Washington, ,GRAND BLVD RD,Municipal,Paved,2,48,3,10,0,0.00209275866202226
128610,543889,0,0.18,02_6818435,2,02_53,Washington,I205, ,State,Paved,4,96,1,1,0,0.00169932472465306
126303,541467,0,0.02,02_6706589,2,02_41,Oregon, ,YEON AV,Municipal,Paved,4,72,3,7,0,0.000251461667914783
127477,542775,0,0.74,02_6777069,2,02_41,Oregon,U26,POWELL BLVD,State,Paved,4,56,3,10,0,0.00948811044125365
126346,541388,0,0.04,02_6704694,2,02_41,Oregon,I405,STADIUM EXWY,State,Paved,6,104,1,1,0,0.000349099710124606
126352,541390,0,0.02,02_6704758,2,02_41,Oregon,U26, ,State,Paved,3,56,4,0,0,0.000230708710760916
123149,542375,0,0.02,02_6768430,2,02_41,Oregon, ,MORRISON ST,Municipal,Paved,2,80,4,7,0,0.000210963048048806
127975,543022,0,0.41,02_6786847,2,02_41,Oregon,I84,COLUMBIA RIVER HWY,State,Paved,6,104,1,1,0,0.00514381199699334
128516,543598,0,0.05,02_6810077,2,02_53,Washington, , ,Municipal,Paved,2,56,3,0,0,0.000608062367467855
128510,543579,0,0.09,02_6810028,2,02_53,Washington, ,W 15TH ST,Municipal,Paved,3,40,3,0,0,0.00112802185028599
128467,543613,0,0.4,02_6810985,2,02_53,Washington, ,E FOURTH PLAIN BLVD,Municipal,Paved,4,48,3,10,0,0.00491822110003584
127969,543257,0,0.41,02_6793749,2,02_41,Oregon, ,GLISAN ST,Municipal,Paved,2,64,3,10,0,0.00529906895033777
128018,543199,0,0.16,02_6791356,2,02_41,Oregon, , ,Municipal,Paved,2,72,3,10,0,0.00146980470436299
127334,542127,0,0.01,02_6761617,2,02_41,Oregon,S213,S CASCADE HWY,State,Paved,3,72,3,10,0,0.000101133521046939
126003,541041,0,0.82,02_6694830,2,02_41,Oregon,S99W,W PACIFIC HWY,State,Paved,2,88,3,7,0,0.00945443683853654
126154,541132,0,0.02,02_6696730,2,02_41,Oregon, , ,Municipal,Paved,4,72,3,10,0,0.000148080964314803
127085,542194,0,0.97,02_6763246,2,02_41,Oregon,S213,82ND AV,State,Paved,4,56,3,10,0,0.00873329792430675
123249,542045,0,0.41,02_6759337,2,02_41,Oregon,S99E,MCLOUGHLIN BLVD,State,Paved,4,48,3,10,0,0.00372718752747514
126252,541354,0,0,02_6703845,2,02_41,Oregon,I405,STADIUM EXWY,State,Paved,6,104,1,1,0,4.14367957984805E-05
128069,543405,0,0.11,02_6803219,2,02_53,Washington,S500,NE 58TH ST,State,Paved,2,80,4,0,0,0.00102118665505444
127826,542515,0,0.02,02_6769928,2,02_41,Oregon, ,BELMONT ST,Municipal,Paved,2,56,4,7,0,0.000252504769335529
127577,542900,0,0.07,02_6781331,2,02_41,Oregon, ,COLUMBIA BLVD,Municipal,Paved,2,40,3,8,0,0.000838593922761613
128416,543799,0,0.12,02_6815885,2,02_53,Washington,S14,LEWIS AND CLARK HWY,State,Paved,4,96,2,7,0,0.00148222599353265
128167,543942,0,0.24,02_6820145,2,02_53,Washington,I205, ,State,Paved,4,96,1,1,0,0.00279506179084402
125662,540833,0,0.34,02_6687031,2,02_41,Oregon,S210,SCHOLLS FERRY RD,State,Paved,2,88,3,10,0,0.00431785339483577
125905,540976,0,0.52,02_6692360,2,02_41,Oregon, ,MURRAY BLVD,Municipal,Paved,4,72,3,7,0,0.00535168028249495
122857,541193,0,0.07,02_6698117,2,02_41,Oregon,I5,PACIFIC HWY,State,Paved,6,88,1,1,0,0.000881565716349711
127136,542269,0,0.24,02_6764899,2,02_41,Oregon,S43S,HOOD AV,State,Paved,2,56,3,10,0,0.0021851062457601
127185,542799,0,0.2,02_6778232,2,02_41,Oregon, ,DIVISION ST,Municipal,Paved,2,56,5,0,0,0.00257038222587146
127677,542359,0,0.01,02_6767056,2,02_41,Oregon,U26,POWELL BLVD,State,Paved,3,64,3,10,0,0.000117345802818959
127726,542476,0,0.02,02_6769057,2,02_41,Oregon, ,INTERSTATE AV,Municipal,Paved,4,56,4,8,0,0.000230060507515873
126103,540844,0,0.28,02_6687501,2,02_41,Oregon,S210,SCHOLLS FERRY RD,State,Paved,2,64,5,0,0,0.00282676379712556
126054,540883,0,1.88,02_6690450,2,02_41,Oregon,U26,SUNSET HWY,State,Paved,4,88,2,7,0,0.0227025019056002
126644,542985,0,0.06,02_6783737,2,02_41,Oregon,S224, ,State,Paved,2,88,3,10,0,0.000554763750075356
128267,543726,0,0.75,02_6814372,2,02_53,Washington,I5, ,State,Paved,8,96,1,1,0,0.00689707715540596
123349,541589,0,1.68,02_6724062,2,02_53,Washington, ,HILLHURST RD,Municipal,Paved,2,88,5,0,0,0.0155919531518113
126117,541158,0,0.11,02_6697401,2,02_41,Oregon, ,KRUSE WY,Municipal,Paved,4,88,2,7,0,0.0013676860661011
122868,541202,0,0.01,02_6698461,2,02_41,Oregon,S99W,BARBUR BLVD,State,Paved,2,88,3,10,0,0.000160704281020806
127113,542250,0,0.01,02_6764299,2,02_41,Oregon,S10,FRONT ST,State,Paved,3,40,3,10,0,0.000120270261604343
127706,542326,0,0.02,02_6766225,2,02_41,Oregon,U26,POWELL BLVD,State,Paved,3,64,3,10,0,0.000308933644008382
127445,542621,0,0.65,02_6772656,2,02_41,Oregon,U26,POWELL BLVD,State,Paved,4,56,3,10,0,0.00822178283388994
123200,542392,0,0.08,02_6767718,2,02_41,Oregon, ,EVERETT ST,Municipal,Paved,2,72,4,8,0,0.00101417832361159
127042,543021,0,0.77,02_6786775,2,02_41,Oregon, ,GLISAN ST,Municipal,Paved,4,64,3,10,0,0.00987054301620055
126781,543111,0,0.18,02_6789476,2,02_53,Washington,S14,LEWIS AND CLARK HWY,State,Paved,5,96,2,7,0,0.00222264101331887
128370,543688,0,0.24,02_6812610,2,02_53,Washington, ,GRAND BLVD,Municipal,Paved,2,48,3,10,0,0.00215435939476534
125453,540913,0,0.07,02_6689649,2,02_41,Oregon, , ,Municipal,Paved,4,72,3,0,0,0.00082930811842045
127374,542160,0,0.38,02_6762540,2,02_41,Oregon,S212,CARVER HWY,State,Paved,2,88,3,7,0,0.00480137019244964
128038,543132,0,0.03,02_6789647,2,02_41,Oregon, , ,Municipal,Paved,6,72,3,10,0,0.000306040609337074
127397,542067,0,0.73,02_6760895,2,02_41,Oregon,S99E,MCLOUGHLIN BLVD,State,Paved,4,64,3,10,0,0.00728289086210316
123223,542298,0,0.04,02_6765206,2,02_41,Oregon,S99W,FRONT ST,State,Paved,2,48,4,0,0,0.00031651236812474
127729,542475,0,0.32,02_6769133,2,02_41,Oregon,I5,PACIFIC HWY,State,Paved,4,104,1,1,0,0.00324270634552783
128061,543151,0,0.03,02_6790177,2,02_41,Oregon, , ,Municipal,Paved,6,72,3,10,0,0.000288015731867135
126758,541994,0,0.31,02_6788751,2,02_53,Washington,I205, ,State,Paved,7,96,1,1,0,0.00281440325326372
125430,541633,0,0.68,02_6722958,2,02_53,Washington,S501,NW NEW LOWER RIVER RD,State,Paved,2,80,3,8,0,0.00772108350247856
126094,540851,0,0.05,02_6687301,2,02_41,Oregon, , ,Municipal,Paved,2,72,3,10,0,0.000550356772604861
128393,543768,0,0.02,02_6815171,2,02_53,Washington,I205, ,State,Paved,4,96,1,1,0,0.000188538016662871
127328,542095,0,0.07,02_6760850,2,02_41,Oregon,S99E,MCLOUGHLIN BLVD,State,Paved,6,48,3,10,0,0.00069042022145226
126000,541037,0,0.4,02_6694765,2,02_41,Oregon,S217,BEAVERTON-TIGARD HWY,State,Paved,4,88,2,7,0,0.00388235318510219
126332,541285,0,0.06,02_6701046,2,02_41,Oregon,S8,CANYON RD,State,Paved,2,88,3,7,0,0.000789703979734684
123246,542043,0,0.17,02_6759281,2,02_41,Oregon,S99E,MCLOUGHLIN BLVD,State,Paved,4,48,3,10,0,0.00154904904089517
127660,542341,0,0.07,02_6766440,2,02_41,Oregon,I405,EXIT,State,Paved,6,88,1,1,0,0.000947742455670214
127992,543048,0,0.16,02_6787708,2,02_41,Oregon, , ,Municipal,Paved,4,72,3,10,0,0.00207502370745773
125668,540840,0,0,02_6687194,2,02_41,Oregon,S10,FARMINGTON RD,State,Paved,2,64,3,10,0,1.83845952925145E-05
126071,540953,0,0.08,02_6691482,2,02_41,Oregon, ,185TH AV,Municipal,Paved,5,40,3,10,0,0.000760631892956648
128324,543951,0,0.11,02_6820101,2,02_53,Washington, ,NE ANDRESEN RD,Municipal,Paved,4,72,4,0,0,0.00125751178295777
127351,542066,0,0.76,02_6761936,2,02_41,Oregon,I205,E PORTLAND FRWY,State,Paved,6,88,1,1,0,0.00801333656500539
123269,541907,0,2.24,02_6756510,2,02_41,Oregon,S213,S CASCADE HWY,State,Paved,2,88,3,10,0,0.0212600716560736
122937,541248,0,0.22,02_6700068,2,02_41,Oregon, , ,Municipal,Paved,4,48,3,10,0,0.00278112839539017
127683,542353,0,0.31,02_6767127,2,02_41,Oregon,S99E,MCLOUGHLIN BLVD,State,Paved,6,56,3,7,0,0.0028098152691845
126355,541380,0,0.14,02_6704780,2,02_41,Oregon,I405,STADIUM EXWY,State,Paved,6,104,1,1,0,0.00129713933852235
128015,543197,0,0.19,02_6791289,2,02_41,Oregon,I84,COLUMBIA RIVER HWY,State,Paved,6,104,1,1,0,0.00246505556027001
123392,538081,0,0.55,02_6708218,2,02_41,Oregon, ,COLUMBIA BLVD,Municipal,Paved,4,40,3,8,0,0.00679598166730156
123060,542747,0,0.02,02_6775951,2,02_41,Oregon,S99E,UNION AV,State,Paved,4,88,3,8,0,0.000222407059360228
128347,543637,0,1.2,02_6812132,2,02_53,Washington,I5, ,State,Paved,6,96,1,1,0,0.0111206624282685
126023,540875,0,0.14,02_6687983,2,02_41,Oregon, , ,Municipal,Paved,4,72,3,10,0,0.00173423534330502
126209,541091,0,0.43,02_6696095,2,02_41,Oregon,I5,PACIFIC HWY,State,Paved,7,88,1,1,0,0.00385996911230644
125948,541024,0,0.42,02_6694383,2,02_41,Oregon,S210,SCHOLLS FERRY RD,State,Paved,4,64,3,10,0,0.00524074112190273
123292,542024,0,0.81,02_6758533,2,02_41,Oregon,S43,WILLAMETTE DR,State,Paved,2,64,3,7,0,0.00858279831987326
127614,542649,0,0.21,02_6774147,2,02_41,Oregon,U30  B,SANDY BLVD,State,Paved,3,72,3,10,0,0.00255136449879029
126286,541438,0,0.15,02_6705982,2,02_41,Oregon,I405, ,State,Paved,6,104,1,1,0,0.00147149952762959
127537,542683,0,0.22,02_6774427,2,02_41,Oregon,I5,PACIFIC HWY,State,Paved,6,88,1,1,0,0.0019451471316925
127543,542692,0,0.01,02_6774484,2,02_41,Oregon, ,KILLINGSWORTH ST,Municipal,Paved,2,64,4,0,0,0.000110017785548542
126873,543541,0,0.07,02_6809337,2,02_53,Washington,I5, ,State,Paved,6,104,1,1,0,0.000781242194742786
126612,543808,0,0.76,02_6816333,2,02_53,Washington, ,NE ANDERSEN AV,Municipal,Paved,4,56,3,10,0,0.00687157208980888
128278,543754,0,0.02,02_6814594,2,02_53,Washington,I5, ,State,Paved,8,96,1,1,0,0.000146153866587138
126309,541263,0,0.13,02_6700211,2,02_41,Oregon, , ,Municipal,Paved,4,48,3,10,0,0.00169711667726626
125971,541325,0,0.4,02_6702684,2,02_41,Oregon, ,LOMBARD ST,Municipal,Paved,2,40,4,7,0,0.00417035541361952
127637,542423,0,0,02_6767874,2,02_41,Oregon, ,BROADWAY AV,Municipal,Paved,2,72,3,8,0,1.90258671302516E-05
127520,542937,0,0.57,02_6782298,2,02_41,Oregon,I205,E PORTLAND FRWY,State,Paved,7,88,1,1,0,0.00585259473099685
127514,542918,0,0.15,02_6782200,2,02_41,Oregon, ,UNKNOWN,Municipal,Paved,2,72,3,0,0,0.0016560432774502
126856,543535,0,0.08,02_6808835,2,02_53,Washington,I5, ,State,Paved,6,104,1,1,0,0.000808123404948625
125645,540253,0,3.55,02_6685298,2,02_41,Oregon,S10, ,State,Paved,2,72,4,0,0,0.0439338317126568
127299,543085,0,0.23,02_6788723,2,02_53,Washington,I205, ,State,Paved,7,96,1,1,0,0.00206722901756953
126635,542969,0,0.36,02_6783224,2,02_53,Washington,S14,LEWIS AND CLARK HWY,State,Paved,4,96,2,7,0,0.00449885370292597
126186,541069,0,0.01,02_6695463,2,02_41,Oregon,I205,E PORTLAND FRWY,State,Paved,6,88,1,1,0,0.000159110028111157
126973,541914,0,0.63,02_6802934,2,02_53,Washington,S14, ,State,Paved,4,88,2,7,0,0.00772195881093642
128301,543925,0,0.11,02_6819448,2,02_53,Washington, ,NE ANDRESEN RD,Municipal,Paved,4,72,4,0,0,0.00114525540120584
128184,543962,0,0.32,02_6820849,2,02_53,Washington,S503,NE 117TH AV,State,Paved,2,48,3,7,0,0.00290504243046596
127322,542077,0,0.2,02_6760780,2,02_41,Oregon,S99E,MCLOUGHLIN BLVD,State,Paved,4,48,3,10,0,0.0023559360837999
126240,541101,0,0.05,02_6696636,2,02_41,Oregon, , ,Municipal,Paved,4,72,3,10,0,0.000595480310458335
122920,541220,0,0.54,02_6699393,2,02_41,Oregon,S99W,BARBUR BLVD,State,Paved,2,56,3,10,0,0.00612580714690709
125994,541035,0,0.02,02_6694642,2,02_41,Oregon,S217,BEAVERTON-TIGARD HWY,State,Paved,4,88,2,7,0,0.000203088723405797
127491,542788,0,0.92,02_6777682,2,02_41,Oregon,U30  B,SANDY BLVD,State,Paved,3,72,3,10,0,0.0111225892171007
127986,543004,0,0.93,02_6787214,2,02_41,Oregon, ,DIVISION ST,Municipal,Paved,4,64,3,10,0,0.0119611282129485
123338,541648,0,0.19,02_6723658,2,02_53,Washington, ,W 16TH ST,Municipal,Paved,2,56,3,0,0,0.00232383971684093
126163,541144,0,0.09,02_6696891,2,02_41,Oregon, ,SW STAFFORD RD,Municipal,Paved,2,88,4,0,0,0.000892378531060535
126658,542994,0,0.36,02_6784868,2,02_41,Oregon,S224, ,State,Paved,2,88,4,0,0,0.00423924143039002
126904,543232,0,0.15,02_6792874,2,02_41,Oregon, , ,Municipal,Paved,2,72,3,10,0,0.00144232302056185
127345,542137,0,0.05,02_6761808,2,02_41,Oregon, ,S REDLAND RD,Municipal,Paved,2,72,4,0,0,0.000660983589516349
126017,541043,0,0.09,02_6695373,2,02_41,Oregon,S217,BEAVERTON-TIGARD HWY,State,Paved,4,88,2,7,0,0.00100040888355033
126140,541182,0,0.12,02_6697963,2,02_41,Oregon,S10,BARBUR BLVD,State,Paved,2,88,3,7,0,0.00148297835078038
122943,541247,0,0.19,02_6700133,2,02_41,Oregon,S10,FARMINGTON RD,State,Paved,2,72,5,0,0,0.00244061483097062
126263,541334,0,0.15,02_6703938,2,02_41,Oregon,U26,SUNSET HWY,State,Paved,7,88,2,7,0,0.00158311475332629
127591,542637,0,0.47,02_6773472,2,02_41,Oregon, ,39TH AV,Municipal,Paved,4,72,3,10,0,0.00424628909585694
128009,543188,0,0.39,02_6791068,2,02_41,Oregon,U30  P,SANDY BLVD,State,Paved,2,72,3,10,0,0.00495681768418691
127468,542763,0,1.49,02_6776617,2,02_41,Oregon, ,KILLINGSWORTH ST,Municipal,Paved,2,64,4,0,0,0.0190291027658954
125476,540933,0,0.24,02_6690374,2,02_41,Oregon, ,CORNELIUS PASS RD,Municipal,Paved,4,72,3,10,0,0.00238295247719948
126123,541169,0,0.02,02_6697446,2,02_41,Oregon, ,KRUSE WY,Municipal,Paved,4,88,2,7,0,0.000270386859761354
122874,541205,0,0.46,02_6699007,2,02_41,Oregon,S43,COUNTRY CLUB RD,State,Paved,4,48,3,7,0,0.00586353915508955
127368,542014,0,0.26,02_6762435,2,02_41,Oregon,I205,E PORTLAND FRWY,State,Paved,6,88,1,1,0,0.00240531563616624
127119,542260,0,0.03,02_6764430,2,02_41,Oregon,S43S,HOOD AV,State,Paved,2,56,3,10,0,0.000268001518890881
127451,542628,0,0.81,02_6773191,2,02_41,Oregon, ,39TH AV,Municipal,Paved,4,72,3,10,0,0.00725735575830697
127700,542277,0,0.15,02_6765843,2,02_41,Oregon, ,KELLY AV,Municipal,Paved,3,64,3,10,0,0.0017405518000529
126372,541406,0,0.09,02_6705203,2,02_41,Oregon,U30  B,BURNSIDE ST,State,Paved,4,72,3,10,0,0.00120902589009839
128447,543734,0,0.44,02_6814151,2,02_53,Washington,I5, ,State,Paved,6,96,1,1,0,0.00397030281621127
125447,540911,0,0.16,02_6689308,2,02_41,Oregon, , ,Municipal,Paved,4,72,3,0,0,0.00166863406037513
125198,541597,0,0.07,02_6720321,2,02_41,Oregon,U30, ,State,Paved,4,64,3,7,0,0.000821357882721481
126040,540894,0,0,02_6688917,2,02_41,Oregon,S8,TUALATIN VALLEY HWY,State,Paved,4,64,3,7,0,2.23570146298609E-06
126217,541096,0,0.02,02_6696166,2,02_41,Oregon, , ,Municipal,Paved,3,72,3,10,0,0.000213213109071626
125885,541304,0,0.02,02_6701874,2,02_41,Oregon,U26,SUNSET HWY,State,Paved,6,88,2,7,0,0.000240084384541546
123229,542292,0,0.11,02_6765618,2,02_41,Oregon,I405,EXIT,State,Paved,6,104,1,1,0,0.00139715735263208
127760,542385,0,0.16,02_6771224,2,02_41,Oregon,S99E,UNION AV,State,Paved,4,48,3,10,0,0.00145701751866852
127938,543193,0,0.05,02_6790999,2,02_41,Oregon, , ,Municipal,Paved,6,72,3,10,0,0.000429215001598478
128055,543139,0,0.05,02_6789813,2,02_41,Oregon, , ,Municipal,Paved,6,72,3,10,0,0.000453017989372294
126764,543096,0,0.39,02_6788896,2,02_53,Washington, ,MCCILLIVRAY BLVD,Municipal,Paved,2,72,4,0,0,0.00463390781346172
125436,541636,0,0.57,02_6723378,2,02_53,Washington, , ,Municipal,Paved,2,40,3,10,0,0.00603753752014047
128387,543709,0,0.03,02_6813289,2,02_53,Washington,S500, ,State,Paved,4,88,2,7,0,0.000403403046650173
127059,543275,0,0.14,02_6794282,2,02_53,Washington,S14, ,State,Paved,4,88,2,7,0,0.00172585912843027
127414,542110,0,0.48,02_6761134,2,02_41,Oregon,I205,E PORTLAND FRWY,State,Paved,6,88,1,1,0,0.00492962531292114
123169,542465,0,0.03,02_6768916,2,02_41,Oregon,I405, ,State,Paved,6,104,1,1,0,0.00032766652988885
127746,542488,0,0.13,02_6769750,2,02_41,Oregon, ,BROADWAY,Municipal,Paved,4,72,3,8,0,0.00142407422694298
127251,542866,0,0.04,02_6779785,2,02_41,Oregon,I205,E PORTLAND FRWY,State,Paved,7,88,1,1,0,0.000357514000206987
127153,542954,0,0.02,02_6782578,2,02_41,Oregon,U30  P,COLUMBIA BLVD,State,Paved,5,72,3,8,0,0.000213067205615106
127497,542917,0,0,02_6781602,2,02_41,Oregon,U30  P,KILLINGSWORTH ST,State,Paved,4,56,3,7,0,3.40003352192753E-05
127165,542878,0,1.52,02_6783050,2,02_41,Oregon, ,AIRPORT WY,Municipal,Paved,4,72,3,8,0,0.0181659502009603
128247,543833,0,0.2,02_6817245,2,02_53,Washington, ,SE MILL PLAIN BLVD,Municipal,Paved,6,56,3,10,0,0.00254715441406166
128493,543567,0,0.13,02_6809600,2,02_53,Washington, ,W 15TH ST,Municipal,Paved,2,56,3,0,0,0.0016502588612675
126169,541147,0,0.03,02_6697248,2,02_41,Oregon, ,SW STAFFORD RD,Municipal,Paved,2,88,4,0,0,0.000308293306502103
126086,540836,0,0.34,02_6687206,2,02_41,Oregon,S10,FARMINGTON RD,State,Paved,4,64,3,10,0,0.00415948622504224
128579,543912,0,0.04,02_6819260,2,02_53,Washington,S503,NE 117TH AV,State,Paved,4,88,2,7,0,0.000335006211873652
126134,541179,0,0.15,02_6697564,2,02_41,Oregon,I5,PACIFIC HWY,State,Paved,6,88,1,1,0,0.00135609644008482
123183,542367,0,0.08,02_6767261,2,02_41,Oregon,S99E,GRAND AV,State,Paved,4,48,3,7,0,0.000699693168410544
127806,542580,0,0.12,02_6772356,2,02_41,Oregon, ,WILLIAMS AVE,Municipal,Paved,2,72,4,8,0,0.00112038591514236
127892,542720,0,0.04,02_6775049,2,02_41,Oregon, ,KILLINGSWORTH ST,Municipal,Paved,2,64,4,0,0,0.000537004024878485
127560,542216,0,1.53,02_6780442,2,02_41,Oregon, ,KILLINGSWORTH ST,Municipal,Paved,2,64,4,0,0,0.0195981334970072
126773,543107,0,0.06,02_6789072,2,02_53,Washington, ,SE 164TH AV,Municipal,Paved,6,64,3,10,0,0.000500100425856376
128433,543715,0,0.2,02_6813600,2,02_53,Washington, ,NE ST JOHNS RD RD,Municipal,Paved,2,56,3,10,0,0.00176473716810807
127105,542210,0,0.68,02_6764074,2,02_41,Oregon,I205,E PORTLAND FRWY,State,Paved,6,88,1,1,0,0.00618385130537879
126564,544066,0,1.89,02_6823205,2,02_53,Washington, ,NE 162ND AV,Municipal,Paved,2,64,3,10,0,0.0170371997410859
123375,541478,0,0.19,02_6707352,2,02_41,Oregon, ,GOING ST,Municipal,Paved,4,64,5,8,0,0.00230983923619692
125877,541240,0,0.26,02_6701507,2,02_41,Oregon,U26,SUNSET HWY,State,Paved,6,88,2,7,0,0.00316625413497402
123369,541471,0,0.46,02_6707125,2,02_41,Oregon, ,COLUMBIA BLVD,Municipal,Paved,4,40,3,8,0,0.00588747036662238
126280,541442,0,0.02,02_6705923,2,02_41,Oregon,U30, ,State,Paved,4,88,2,7,0,0.000178100580024692
127205,542817,0,0.04,02_6778797,2,02_41,Oregon, ,DIVISION ST,Municipal,Paved,4,40,5,0,0,0.000532183562009327
126867,543544,0,0.05,02_6808966,2,02_53,Washington, ,WASHINGTON ST,Municipal,Paved,5,88,2,0,0,0.000598936169908516
127952,543251,0,0.42,02_6793258,2,02_41,Oregon,U30  P,SANDY BLVD,State,Paved,2,64,4,0,0,0.00538312136508672
128533,543533,0,0.12,02_6810329,2,02_53,Washington,I5, ,State,Paved,6,96,1,1,0,0.00116722075881168
128539,543619,0,0.21,02_6810709,2,02_53,Washington,I5, ,State,Paved,6,96,1,1,0,0.00199230481019548
126618,543806,0,0.35,02_6816817,2,02_53,Washington,S500, ,State,Paved,5,88,2,7,0,0.00433933025165978
126624,543821,0,0.06,02_6816937,2,02_53,Washington,S500, ,State,Paved,5,88,2,7,0,0.000744836270970314
126031,540878,0,0.61,02_6688184,2,02_41,Oregon, ,MURRAY BLVD,Municipal,Paved,4,72,3,10,0,0.00551730887701162
127946,543248,0,0.1,02_6793173,2,02_41,Oregon, , ,Municipal,Paved,2,72,3,10,0,0.00111788023553159
127311,542080,0,0.39,02_6760338,2,02_41,Oregon,I205,E PORTLAND FRWY,State,Paved,6,88,1,1,0,0.00433478344557768
126180,541164,0,0.11,02_6697395,2,02_41,Oregon,I5,PACIFIC HWY,State,Paved,8,88,1,1,0,0.00096700832767568
125977,541338,0,0.36,02_6703192,2,02_41,Oregon,S10,BEAVERTON-HILLSBORO HWY,State,Paved,4,56,3,10,0,0.00458783799836355
122977,541435,0,0.14,02_6705817,2,02_41,Oregon, ,YEON AV,Municipal,Paved,4,88,2,7,0,0.00129021129867044
127305,542005,0,1.34,02_6760161,2,02_41,Oregon,S99E,MCLOUGHLIN BLVD,State,Paved,6,72,3,7,0,0.0128817586690653
127846,542529,0,0.16,02_6770432,2,02_41,Oregon,S99E,GRAND AV,State,Paved,4,48,3,7,0,0.00143506088974026
127852,542532,0,0.4,02_6770505,2,02_41,Oregon,S99E,GRAND AV,State,Paved,4,72,3,10,0,0.00356607516178164
127508,542921,0,0.18,02_6781795,2,02_41,Oregon,S213,82ND AV,State,Paved,2,80,3,8,0,0.00164431176708417
125639,540250,0,2.9,02_6684432,2,02_41,Oregon, ,SW STAFFORD RD,Municipal,Paved,2,56,4,0,0,0.0298513056087905
126967,543379,0,0.34,02_6802541,2,02_41,Oregon,I84,COLUMBIA RIVER HWY,State,Paved,6,104,1,1,0,0.00437746891224524
127405,542106,0,0.02,02_6761038,2,02_41,Oregon,S99E,MCLOUGHLIN BLVD,State,Paved,6,64,3,10,0,0.000156177084116083
126326,541279,0,0.01,02_6700679,2,02_41,Oregon,S10,BEAVERTON-HILLSBORO HWY,State,Paved,4,48,3,10,0,0.000153013226697258
127654,542332,0,0.08,02_6766359,2,02_41,Oregon,U26,POWELL BLVD,State,Paved,3,40,3,10,0,0.00105511616355341
126913,543233,0,0.32,02_6792993,2,02_41,Oregon,I84,COLUMBIA RIVER HWY,State,Paved,6,104,1,1,0,0.00404781862313758
127998,543056,0,0.04,02_6787769,2,02_41,Oregon, ,GLISAN ST,Municipal,Paved,4,64,3,10,0,0.000565007854440724
127159,542953,0,0.15,02_6782629,2,02_41,Oregon,U30  P,COLUMBIA BLVD,State,Paved,5,72,3,8,0,0.00170246878431967
128241,543845,0,0.1,02_6817145,2,02_53,Washington,I205, ,State,Paved,7,96,1,1,0,0.00104638538243845
128487,543570,0,0.13,02_6809500,2,02_53,Washington, ,W 16TH ST,Municipal,Paved,2,56,3,0,0,0.00165908677833898
126077,540959,0,0.1,02_6691826,2,02_41,Oregon, ,NW 185TH AVE,Municipal,Paved,6,40,3,0,0,0.00085593520071329
126226,541107,0,0.03,02_6696226,2,02_41,Oregon, , ,Municipal,Paved,3,72,3,10,0,0.000378977276411581
122931,540803,0,0.22,02_6699719,2,02_41,Oregon,S10,FARMINGTON RD,State,Paved,4,48,3,10,0,0.00280249723350618
127800,542602,0,0.02,02_6772300,2,02_41,Oregon, ,VICTORIA AVE,Municipal,Paved,2,72,3,8,0,0.000172000332035793
127259,542855,0,0.29,02_6780199,2,02_41,Oregon,I205,E PORTLAND FRWY,State,Paved,7,88,1,1,0,0.0026772430950967
127554,542701,0,0.26,02_6774905,2,02_41,Oregon,I5,PACIFIC HWY,State,Paved,6,88,1,1,0,0.00230519533140651
128341,543666,0,0.16,02_6811726,2,02_53,Washington, , ,Municipal,Paved,4,88,2,0,0,0.00204340186065677
125931,541010,0,0.04,02_6693864,2,02_41,Oregon,I205,E PORTLAND FRWY,State,Paved,4,104,1,1,0,0.000480554518265097
127013,541916,0,6.43,02_6785066,2,02_41,Oregon, ,S SPRINGWATER RD,Municipal,Paved,2,72,4,0,0,0.0710228867696165
123283,542017,0,1.14,02_6757594,2,02_41,Oregon,I205,E PORTLAND FRWY,State,Paved,4,88,1,1,0,0.0116702244784563
126200,541084,0,0.05,02_6696026,2,02_41,Oregon, , ,Municipal,Paved,2,72,3,10,0,0.000593302037630831
122880,541215,0,0.05,02_6699216,2,02_41,Oregon,S99W,BARBUR BLVD,State,Paved,2,88,3,10,0,0.000572905395608709
127362,542152,0,0.07,02_6762376,2,02_41,Oregon,S212,CARVER HWY,State,Paved,5,56,3,7,0,0.000918240233885647
127125,542264,0,0.04,02_6764488,2,02_41,Oregon,I5,PACIFIC HWY,State,Paved,6,88,1,1,0,0.000383412314132231
127694,542276,0,0.05,02_6765769,2,02_41,Oregon,U26E,POWELL BLVD,State,Paved,2,64,4,0,0,0.000593943313465685
127623,542410,0,0.02,02_6767779,2,02_41,Oregon, ,EVERETT ST,Municipal,Paved,2,72,4,8,0,0.000221036121045334
123046,542730,0,0.01,02_6775740,2,02_41,Oregon, ,COLUMBIA BLVD,Municipal,Paved,4,88,3,8,0,0.000176576745194753
126627,543826,0,0.87,02_6816976,2,02_53,Washington, ,SE MILL PLAIN BLVD,Municipal,Paved,4,56,3,10,0,0.0108884403677424
127196,542810,0,0.03,02_6778670,2,02_41,Oregon,U26,POWELL BLVD,State,Paved,5,56,3,10,0,0.000331353360661067
126959,543384,0,0.08,02_6802356,2,02_41,Oregon, ,238TH DR,Municipal,Paved,3,72,4,7,0,0.000753722463409781
126698,544124,0,1.41,02_6828476,2,02_53,Washington,S500,NE 58TH ST,State,Paved,2,80,5,0,0,0.0126827690228741
126057,540884,0,2.07,02_6690513,2,02_41,Oregon, ,NW CORNELIUS PASS RD,Municipal,Paved,2,56,4,0,0,0.0227756185145397
127102,542209,0,0.4,02_6764001,2,02_41,Oregon,S213,82ND AV,State,Paved,4,56,3,10,0,0.00359689298057924
127600,542646,0,0.35,02_6773650,2,02_41,Oregon,I84,COLUMBIA RIVER HWY,State,Paved,6,104,1,1,0,0.00446607143986089
127219,542835,0,0.41,02_6778959,2,02_41,Oregon,S213,82ND AV,State,Paved,4,56,3,10,0,0.00365174139766919
127766,542566,0,0.13,02_6771300,2,02_41,Oregon, , ,Municipal,Paved,3,72,3,10,0,0.00165305121362254
127717,542463,0,0.19,02_6768970,2,02_41,Oregon, ,INTERSTATE AV,Municipal,Paved,4,80,4,8,0,0.00167210209772986
126106,540867,0,0.08,02_6687827,2,02_41,Oregon, , ,Municipal,Paved,4,72,3,10,0,0.000896941914042268
128264,543738,0,0.83,02_6814315,2,02_53,Washington,I5, ,State,Paved,8,96,1,1,0,0.00793177219656072
127268,542873,0,0.07,02_6780375,2,02_41,Oregon,I84,COLUMBIA RIVER HWY,State,Paved,6,104,1,1,0,0.000620594288162209
127551,542700,0,0.05,02_6774880,2,02_41,Oregon,U30  P,LOMBARD ST,State,Paved,4,56,4,0,0,0.000671107491505642
126555,544052,0,1.44,02_6822971,2,02_53,Washington, ,SE MILL PLAIN BLVD,Municipal,Paved,6,56,3,10,0,0.0183933410392905
126770,543104,0,0.02,02_6789037,2,02_53,Washington,S14,LEWIS AND CLARK HWY,State,Paved,4,96,2,7,0,0.000189707968183936
127053,543285,0,0.24,02_6794162,2,02_53,Washington,S14, ,State,Paved,4,96,2,7,0,0.00294511193895222
126604,543500,0,0.1,02_6816229,2,02_53,Washington,S500, ,State,Paved,4,88,2,7,0,0.00125603908561242
127411,542073,0,0.16,02_6761111,2,02_41,Oregon,S99E,MCLOUGHLIN BLVD,State,Paved,6,64,3,10,0,0.00143460202473746
125988,541346,0,0.22,02_6703604,2,02_41,Oregon,U26,SUNSET HWY,State,Paved,7,88,2,7,0,0.00269897170879971
127743,542490,0,0.11,02_6769707,2,02_41,Oregon, ,LARRABEE AVE,Municipal,Paved,2,56,4,8,0,0.00108065066037933
126910,543243,0,0.01,02_6792951,2,02_41,Oregon, , ,Municipal,Paved,4,40,3,10,0,0.000100578157314851
127574,542897,0,0.82,02_6780829,2,02_41,Oregon, ,COLUMBIA BLVD,Municipal,Paved,2,40,3,8,0,0.0104090324537547
128333,543663,0,0.14,02_6811585,2,02_53,Washington, ,NE HWY 99,Municipal,Paved,2,72,3,10,0,0.00126728470706114
125914,540983,0,0.07,02_6692983,2,02_41,Oregon, ,MURRAY BLVD,Municipal,Paved,4,40,3,7,0,0.000664420938952269
128570,543861,0,0.38,02_6819116,2,02_53,Washington, ,NE CHEER DR,Municipal,Paved,2,56,3,10,0,0.00379889552598246
128407,543780,0,0.1,02_6815482,2,02_53,Washington,I205, ,State,Paved,4,96,1,1,0,0.00111946986300769
126933,541968,0,0.17,02_6755681,2,02_41,Oregon, ,MOLALLA AV,Municipal,Paved,2,72,4,0,0,0.00170256598025129
126269,541369,0,0.7,02_6704451,2,02_41,Oregon, ,YEON AV,Municipal,Paved,4,72,3,7,0,0.00858883628338513
122974,541430,0,0.32,02_6705772,2,02_41,Oregon, ,YEON AV,Municipal,Paved,4,88,2,7,0,0.00388391423575788
126343,541375,0,0.22,02_6704647,2,02_41,Oregon,U26, ,State,Paved,3,56,4,7,0,0.00273598454952283
127388,542180,0,0.26,02_6763036,2,02_41,Oregon,S213,82ND AV,State,Paved,4,56,3,10,0,0.00233987488435671
127929,543182,0,0.16,02_6790879,2,02_41,Oregon, , ,Municipal,Paved,2,72,3,10,0,0.00207300022767578
128052,543143,0,0.06,02_6789794,2,02_41,Oregon, , ,Municipal,Paved,6,72,3,10,0,0.000535337087349191
127978,543042,0,0.15,02_6786888,2,02_41,Oregon, , ,Municipal,Paved,4,72,3,10,0,0.00192533151202756
128384,543706,0,0.19,02_6813245,2,02_53,Washington, ,GRAND BLVD RD,Municipal,Paved,2,56,3,10,0,0.00190895767537406
128593,543873,0,0.11,02_6817926,2,02_53,Washington,S500, ,State,Paved,4,88,2,7,0,0.00143559518444663
125937,541007,0,0.67,02_6693958,2,02_41,Oregon,I205,E PORTLAND FRWY,State,Paved,6,88,1,1,0,0.00834310530057239
125871,541239,0,0.63,02_6701333,2,02_41,Oregon,S10,BEAVERTON-HILLSBORO HWY,State,Paved,4,56,3,10,0,0.00810501414014121
125865,541292,0,0.27,02_6701214,2,02_41,Oregon,S217,BEAVERTON-TIGARD HWY,State,Paved,4,88,2,7,0,0.00274597125028951
126292,541459,0,1.07,02_6706037,2,02_41,Oregon,U30,ST HELENS RD,State,Paved,4,72,3,7,0,0.0117688048750632
123209,542287,0,0.04,02_6765052,2,02_41,Oregon,S10,FRONT ST,State,Paved,3,48,3,10,0,0.000389063311468423
126363,541394,0,0.08,02_6705114,2,02_41,Oregon,I405,STADIUM EXWY,State,Paved,4,104,1,1,0,0.000750721342028841
127786,542591,0,0.05,02_6771843,2,02_41,Oregon, ,WILLIAMS AVE,Municipal,Paved,2,72,4,8,0,0.000440024356261686
128029,543212,0,0.16,02_6791926,2,02_41,Oregon, , ,Municipal,Paved,2,72,3,10,0,0.0014824712282254
126037,540892,0,0.88,02_6688571,2,02_41,Oregon,S8,TUALATIN VALLEY HWY,State,Paved,4,80,3,7,0,0.0111395956432115
127792,542595,0,0,02_6771892,2,02_41,Oregon, ,BROADWAY,Municipal,Paved,3,72,3,8,0,1.79995433455815E-05
128527,543530,0,0.5,02_6810208,2,02_53,Washington,S501,NW NEW LOWER RIVER RD,State,Paved,4,48,3,8,0,0.00629145743899111
128456,543625,0,0.06,02_6810877,2,02_53,Washington,S501,NW NEW LOWER RIVER RD,State,Paved,4,48,3,8,0,0.000745809913894021
127958,543264,0,0.03,02_6793325,2,02_41,Oregon, , ,Municipal,Paved,2,56,3,10,0,0.000272016442506644
128450,543735,0,0.6,02_6814233,2,02_53,Washington,I5, ,State,Paved,6,96,1,1,0,0.00565814448566127
128284,543750,0,0.31,02_6815010,2,02_53,Washington,I205, ,State,Paved,4,96,1,1,0,0.00295467201073083
126014,541057,0,0.02,02_6695354,2,02_41,Oregon,S99W,W PACIFIC HWY,State,Paved,2,88,3,7,0,0.00018882038457156
127176,542770,0,1.06,02_6777900,2,02_41,Oregon,I84,COLUMBIA RIVER HWY,State,Paved,6,104,1,1,0,0.0129982355840797
127643,542421,0,0.13,02_6768233,2,02_41,Oregon, ,BROADWAY AV,Municipal,Paved,4,72,3,8,0,0.00146833679827322
127809,542610,0,0.02,02_6772385,2,02_41,Oregon,S99E,UNION AV,State,Paved,4,48,3,10,0,0.000192010380066725
127145,542946,0,0.1,02_6782465,2,02_41,Oregon,I205,E PORTLAND FRWY,State,Paved,7,88,1,1,0,0.00101616935587197
128307,543936,0,0.02,02_6819543,2,02_53,Washington,I205, ,State,Paved,4,96,1,1,0,0.000223331775268072
127666,542346,0,0.01,02_6766521,2,02_41,Oregon,S99W,FRONT ST,State,Paved,2,72,4,0,0,0.000127945280014429
123166,542454,0,0.35,02_6768890,2,02_41,Oregon, ,GREELEY AV,Municipal,Paved,2,56,4,8,0,0.00434005945268176
127737,542483,0,0.01,02_6769589,2,02_41,Oregon,I5,PACIFIC HWY,State,Paved,4,104,1,1,0,9.8081542624832E-05
127909,543159,0,0.02,02_6790227,2,02_41,Oregon, , ,Municipal,Paved,6,72,3,10,0,0.000153013359552854
127245,542843,0,0.32,02_6779679,2,02_41,Oregon, ,GLISAN ST,Municipal,Paved,4,64,3,10,0,0.00408716601181498
128499,543586,0,0.08,02_6809643,2,02_53,Washington, ,WASHINGTON ST,Municipal,Paved,3,40,3,10,0,0.000688104665023598
126655,542991,0,0.38,02_6784630,2,02_41,Oregon, ,SE 142ND AVE,Municipal,Paved,2,64,4,0,0,0.00461773216654012
128576,543913,0,0.03,02_6819233,2,02_53,Washington,S500, ,State,Paved,5,88,2,7,0,0.000286212379038543
123189,542390,0,0.08,02_6767354,2,02_41,Oregon,U30  B,BURNSIDE ST,State,Paved,2,72,3,10,0,0.00102902330580295
127935,543184,0,0.45,02_6790959,2,02_41,Oregon, ,181ST AV,Municipal,Paved,6,72,3,7,0,0.00403522116272765
127886,542702,0,0.26,02_6774983,2,02_41,Oregon,I5,PACIFIC HWY,State,Paved,6,88,1,1,0,0.00235101005173204
123066,542751,0,0.01,02_6776385,2,02_41,Oregon,S99E,UNION AV,State,Paved,4,88,3,8,0,7.58024106569652E-05
128476,543648,0,0.08,02_6811392,2,02_53,Washington, , ,Municipal,Paved,4,88,2,0,0,0.000853084518017198
128599,543879,0,0.05,02_6818003,2,02_53,Washington,S500, ,State,Paved,5,96,2,7,0,0.000585574184159551
128427,543711,0,0.5,02_6813483,2,02_53,Washington, ,NE ST JOHNS RD RD,Municipal,Paved,2,56,3,10,0,0.00456398113241514
125894,540810,0,0.44,02_6692046,2,02_41,Oregon, ,MURRAY BLVD,Municipal,Paved,4,72,3,10,0,0.00397183493951942
128550,543793,0,0.11,02_6818494,2,02_53,Washington,I205, ,State,Paved,6,96,1,1,0,0.00104826024678884
126206,541087,0,0.04,02_6696063,2,02_41,Oregon, , ,Municipal,Paved,2,72,3,10,0,0.000472822300484579
125459,540918,0,0.03,02_6689849,2,02_41,Oregon,U26,SUNSET HWY,State,Paved,4,88,2,7,0,0.000351069422892646
125957,541233,0,1.77,02_6702372,2,02_41,Oregon,U30,ST HELENS RD,State,Paved,4,72,3,7,0,0.0187950360502374
123289,542020,0,0.25,02_6758210,2,02_41,Oregon,S43,WILLAMETTE DR,State,Paved,4,56,3,7,0,0.00265609816032494
127866,542534,0,0.21,02_6770986,2,02_41,Oregon,I84,COLUMBIA RIVER HWY,State,Paved,6,104,1,1,0,0.00260911577989339
127617,542675,0,0.01,02_6774249,2,02_41,Oregon, ,INTERSTATE AVE,Municipal,Paved,2,56,4,8,0,0.000171163658825606
128364,543685,0,0.24,02_6812477,2,02_53,Washington, ,GRAND BLVD,Municipal,Paved,2,56,3,10,0,0.00215511184035949
123395,540095,0,1.49,02_6708285,2,02_41,Oregon, ,MARINE DR,Municipal,Paved,2,64,4,8,0,0.0181051501349843
127096,542205,0,0.13,02_6763854,2,02_41,Oregon,I205,E PORTLAND FRWY,State,Paved,6,88,1,1,0,0.00121807664975949
127225,542839,0,0.13,02_6779399,2,02_41,Oregon,S213,82ND AV,State,Paved,4,56,3,10,0,0.00115403871014698
127723,542473,0,0.02,02_6769030,2,02_41,Oregon, ,INTERSTATE AV,Municipal,Paved,4,80,4,8,0,0.000147122209089921
126598,543796,0,0.84,02_6816095,2,02_53,Washington, ,SE MILL PLAIN BLVD,Municipal,Paved,4,56,3,10,0,0.0104884014351871
126100,540855,0,0.16,02_6687472,2,02_41,Oregon, , ,Municipal,Paved,4,72,3,10,0,0.00193428991361084
126051,540903,0,0.83,02_6689215,2,02_41,Oregon,S8,TUALATIN VALLEY HWY,State,Paved,2,48,3,7,0,0.0105902236580809
126063,540945,0,0.32,02_6691139,2,02_41,Oregon,S8,TUALATIN VALLEY HWY,State,Paved,2,64,3,7,0,0.0040546161078842
128258,543857,0,0.05,02_6817690,2,02_53,Washington,I205, ,State,Paved,6,96,1,1,0,0.000441976811895897
128270,543746,0,0.26,02_6814446,2,02_53,Washington,I5, ,State,Paved,8,96,1,1,0,0.00242201237009279
126157,541130,0,0.05,02_6696754,2,02_41,Oregon, , ,Municipal,Paved,4,72,3,10,0,0.000476292066675706
126243,541125,0,0.08,02_6696663,2,02_41,Oregon, , ,Municipal,Paved,4,72,3,10,0,0.000962092261570959
127082,542192,0,0.07,02_6763200,2,02_41,Oregon,I205,E PORTLAND FRWY,State,Paved,6,88,1,1,0,0.000754592758910573
127488,542787,0,0.07,02_6777627,2,02_41,Oregon,I84,COLUMBIA RIVER HWY,State,Paved,6,104,1,1,0,0.000819339071071926
127829,542518,0,0.02,02_6769953,2,02_41,Oregon, ,MORRISON ST,Municipal,Paved,2,80,4,7,0,0.000235123876915845
123160,542449,0,0.05,02_6768831,2,02_41,Oregon,U30  B,BURNSIDE ST,State,Paved,3,72,3,10,0,0.00070204573986784
127915,543169,0,0.17,02_6790351,2,02_41,Oregon, , ,Municipal,Paved,6,72,3,10,0,0.0015288975882428
127239,542847,0,0.1,02_6779620,2,02_41,Oregon,I205,E PORTLAND FRWY,State,Paved,6,88,1,1,0,0.000920305240358607
127425,542124,0,0.06,02_6761572,2,02_41,Oregon,S213,S CASCADE HWY,State,Paved,2,40,3,10,0,0.000598350823305681
127474,542214,0,0.88,02_6776964,2,02_41,Oregon,U26,POWELL BLVD,State,Paved,5,56,3,10,0,0.0112574597927465
123146,542441,0,0.02,02_6768405,2,02_41,Oregon, ,BELMONT ST,Municipal,Paved,2,56,4,7,0,0.00020351026089273
127437,542582,0,0.21,02_6772470,2,02_41,Oregon,S99E,GRAND AV,State,Paved,2,48,3,10,0,0.0020858028222364
125224,541491,0,0.05,02_6708406,2,02_41,Oregon, ,MARINE DR,Municipal,Paved,3,64,4,8,0,0.000529606702715167
126884,543564,0,0,02_6809481,2,02_53,Washington,I5, ,State,Paved,6,104,1,1,0,7.21122224999024E-06
128507,543528,0,0.25,02_6810009,2,02_53,Washington, ,C ST,Municipal,Paved,2,40,3,10,0,0.00229050278087296
128519,543580,0,0.08,02_6810122,2,02_53,Washington, ,W MCLOUGHLIN BLVD,Municipal,Paved,2,40,3,10,0,0.00108202967169518
128470,543522,0,0.51,02_6811044,2,02_53,Washington, ,MAIN ST,Municipal,Paved,4,48,3,10,0,0.00465290028597821
128556,543866,0,0.45,02_6818560,2,02_53,Washington,I205, ,State,Paved,6,96,1,1,0,0.00449216260066526
126896,543209,0,0.39,02_6792205,2,02_41,Oregon, ,DIVISION ST,Municipal,Paved,2,56,3,10,0,0.00500703591331292
123203,542402,0,0.01,02_6767741,2,02_41,Oregon,U30  B,BURNSIDE ST,State,Paved,2,72,3,10,0,0.000165049240453626
127780,542377,0,0.3,02_6771767,2,02_41,Oregon,I5,PACIFIC HWY,State,Paved,4,104,1,1,0,0.00278536473630511
122954,541414,0,0.01,02_6705260,2,02_41,Oregon, ,EVERETT ST,Municipal,Paved,2,72,4,8,0,0.000180028037065266
122960,541410,0,0.1,02_6705304,2,02_41,Oregon, ,EVERETT ST,Municipal,Paved,2,72,4,8,0,0.00130414211052721
127531,542678,0,0.1,02_6774369,2,02_41,Oregon, ,GOING ST,Municipal,Paved,4,40,4,8,0,0.0013420745341101
127039,543020,0,0.17,02_6786737,2,02_41,Oregon, , ,Municipal,Paved,4,72,3,10,0,0.00213903958619252
127033,542001,0,0.23,02_6786656,2,02_41,Oregon,I84,COLUMBIA RIVER HWY,State,Paved,6,104,1,1,0,0.00300168575026579
127282,543080,0,0,02_6788098,2,02_41,Oregon, ,AIRPORT WY,Municipal,Paved,2,40,3,8,0,4.74129295279387E-05
127288,543081,0,0.14,02_6788471,2,02_41,Oregon,I205,E PORTLAND FRWY,State,Paved,8,88,1,1,0,0.00141073974926644
122860,541152,0,1.41,02_6698185,2,02_41,Oregon,S99W,BARBUR BLVD,State,Paved,2,88,3,10,0,0.0156231069319305
122854,541186,0,0.19,02_6698086,2,02_41,Oregon,S99W,BARBUR BLVD,State,Paved,2,88,3,10,0,0.00230289586158639
127133,542266,0,0.07,02_6764874,2,02_41,Oregon,S43N,MACADAM AV,State,Paved,2,64,3,10,0,0.000597703905220886
127139,542271,0,0.1,02_6764969,2,02_41,Oregon,S43S,HOOD AV,State,Paved,2,56,3,10,0,0.000873387232198339
127674,542239,0,0.75,02_6767033,2,02_41,Oregon,U26,POWELL BLVD,State,Paved,3,40,3,10,0,0.00955170953621659
127182,542792,0,0.08,02_6778137,2,02_41,Oregon,U26,POWELL BLVD,State,Paved,4,56,3,10,0,0.00104602353580786
127680,542356,0,0.1,02_6767075,2,02_41,Oregon,U26,POWELL BLVD,State,Paved,3,64,3,10,0,0.00125436391929292
123346,538085,0,0.9,02_6723944,2,02_53,Washington, ,NW 78TH ST,Municipal,Paved,2,56,3,10,0,0.0115627203841806
128313,543921,0,0.31,02_6819966,2,02_53,Washington, ,NE 83RD ST,Municipal,Paved,4,72,3,10,0,0.00392630542415976
126647,542989,0,0.29,02_6783777,2,02_41,Oregon, ,S SPRINGWATER RD,Municipal,Paved,2,72,4,0,0,0.00275229067258067
126641,542980,0,0.56,02_6783624,2,02_41,Oregon,S212,CARVER HWY,State,Paved,2,88,3,7,0,0.00707908170400055
127188,542801,0,0.79,02_6778257,2,02_41,Oregon,I205,E PORTLAND FRWY,State,Paved,6,88,1,1,0,0.00714309158183523
127331,542068,0,0.09,02_6760872,2,02_41,Oregon,I205,E PORTLAND FRWY,State,Paved,6,88,1,1,0,0.00114929557768332
125416,540108,0,3.12,02_6722249,2,02_41,Oregon, ,LOMBARD ST,Municipal,Paved,2,56,4,8,0,0.0310029853708565
123252,542049,0,0.09,02_6759421,2,02_41,Oregon,S99E,MCLOUGHLIN BLVD,State,Paved,5,48,3,10,0,0.000816637815231667
127580,542884,0,0.95,02_6781349,2,02_41,Oregon,U30  B,SANDY BLVD,State,Paved,3,72,3,10,0,0.0113832847077982
126249,541349,0,0.25,02_6703788,2,02_41,Oregon,I405,STADIUM EXWY,State,Paved,6,104,1,1,0,0.00250904351225795
127823,542452,0,0.32,02_6769893,2,02_41,Oregon,I5,PACIFIC HWY,State,Paved,4,104,1,1,0,0.00328066910885633
125659,540828,0,0.19,02_6686948,2,02_41,Oregon,S99W,W PACIFIC HWY,State,Paved,2,88,3,7,0,0.00231081922580908
125908,540977,0,0.37,02_6692476,2,02_41,Oregon,U26,SUNSET HWY,State,Paved,4,88,2,7,0,0.00449721583996417
128413,543777,0,0.57,02_6815856,2,02_53,Washington,I205, ,State,Paved,4,96,1,1,0,0.00654640090757435
128072,543394,0,1.64,02_6803339,2,02_53,Washington,S500,SE 6TH AVE,State,Paved,2,80,4,0,0,0.0196427359969621
126300,541464,0,0.26,02_6706563,2,02_41,Oregon, ,CULEBRA AVE,Municipal,Paved,2,48,5,8,0,0.0026890021227081
127382,542161,0,1.04,02_6762650,2,02_41,Oregon,S224,MILWAUKIE EXWY,State,Paved,4,88,2,7,0,0.0131239937851452
127480,542779,0,0.15,02_6777519,2,02_41,Oregon,I84,COLUMBIA RIVER HWY,State,Paved,6,104,1,1,0,0.00191191956498022
126349,541383,0,0.09,02_6704728,2,02_41,Oregon,I405,STADIUM EXWY,State,Paved,6,104,1,1,0,0.000838957468509458
127431,542615,0,0.06,02_6772429,2,02_41,Oregon,S99E,GRAND AV,State,Paved,4,48,3,10,0,0.000509015839798712
127972,543007,0,0.86,02_6793848,2,02_41,Oregon,U30  P,SANDY BLVD,State,Paved,3,72,3,10,0,0.0107953229217242
126890,543220,0,0.16,02_6792159,2,02_41,Oregon, , ,Municipal,Paved,4,56,3,10,0,0.00143887692561271
127923,543175,0,0.07,02_6790429,2,02_41,Oregon, ,BURNSIDE RD,Municipal,Paved,6,72,3,7,0,0.000634050421157853
123054,542739,0,0.01,02_6775894,2,02_41,Oregon,S99E,UNION AV,State,Paved,4,88,3,8,0,5.59462681456376E-05
128513,543596,0,0.11,02_6810047,2,02_53,Washington, , ,Municipal,Paved,2,56,3,0,0,0.00143004483981979
128464,543633,0,0.27,02_6810960,2,02_53,Washington,I5, ,State,Paved,6,96,1,1,0,0.00240518930448075
128562,543890,0,0.22,02_6818615,2,02_53,Washington,S500, ,State,Paved,5,88,2,7,0,0.00268875688689233
128021,543200,0,0.73,02_6791444,2,02_41,Oregon, ,DIVISION ST,Municipal,Paved,2,56,3,10,0,0.00939822963604372
126212,541093,0,0.07,02_6696132,2,02_41,Oregon,I5,PACIFIC HWY,State,Paved,8,88,1,1,0,0.000660161767389666
126141,541183,0,0.22,02_6697978,2,02_41,Oregon,I5,PACIFIC HWY,State,Paved,6,88,1,1,0,0.00223436630547204
125880,541308,0,0.01,02_6701843,2,02_41,Oregon,S217,BEAVERTON-TIGARD HWY,State,Paved,4,88,2,7,0,0.000100004762695706
127137,542270,0,0.37,02_6764919,2,02_41,Oregon,I5,PACIFIC HWY,State,Paved,6,88,1,1,0,0.00335015949250329
123224,542299,0,0.01,02_6765576,2,02_41,Oregon,I405,EXIT,State,Paved,6,104,1,1,0,0.000134632364461396
127801,542604,0,0,02_6772306,2,02_41,Oregon, ,WEIDLER ST,Municipal,Paved,3,56,3,10,0,1.79995433455815E-05
127469,542665,0,2.6,02_6776740,2,02_41,Oregon,U30 P,COLUMBIA BLVD,State,Paved,4,40,3,8,0,0.0323795257377447
128465,543634,0,0.04,02_6810973,2,02_53,Washington,I5, ,State,Paved,6,96,1,1,0,0.000398020419033994
126118,541166,0,0.01,02_6697407,2,02_41,Oregon, ,KRUSE WY,Municipal,Paved,4,88,2,7,0,0.000133544396220562
126235,541116,0,0.02,02_6696590,2,02_41,Oregon, , ,Municipal,Paved,3,72,3,10,0,0.000283623190053039
123247,542044,0,0.33,02_6759291,2,02_41,Oregon,S99E,MCLOUGHLIN BLVD,State,Paved,4,48,3,10,0,0.0030234633469669
127114,542249,0,0.02,02_6764308,2,02_41,Oregon,S10,FRONT ST,State,Paved,3,40,3,10,0,0.000213693865938632
127446,542227,0,0.47,02_6772724,2,02_41,Oregon,U26,POWELL BLVD,State,Paved,4,64,3,10,0,0.00594162221960647
127778,542586,0,0.06,02_6771735,2,02_41,Oregon, ,VANCOUVER AVE,Municipal,Paved,2,40,4,8,0,0.000761126926751564
126899,543113,0,1.02,02_6792458,2,02_41,Oregon, ,GLISAN ST,Municipal,Paved,2,64,3,10,0,0.012850890739668
127231,542844,0,0.08,02_6779552,2,02_41,Oregon,I205,E PORTLAND FRWY,State,Paved,6,88,1,1,0,0.000728000888027558
126782,543001,0,0.9,02_6789487,2,02_53,Washington,S14,LEWIS AND CLARK HWY,State,Paved,5,96,2,7,0,0.0112898657656402
128442,543724,0,0.06,02_6814055,2,02_53,Washington,S500, ,State,Paved,4,88,2,7,0,0.000831029511296869
125903,540975,0,0.45,02_6692221,2,02_41,Oregon, ,MURRAY BLVD,Municipal,Paved,4,72,3,7,0,0.00426352084125264
125454,540914,0,0.76,02_6689656,2,02_41,Oregon, ,CORNELL RD,Municipal,Paved,4,72,3,7,0,0.00679936471129973
127423,542122,0,0.01,02_6761556,2,02_41,Oregon,S213,S CASCADE HWY,State,Paved,3,72,3,10,0,6.81546409346341E-05
126922,541918,0,0.36,02_6754960,2,02_41,Oregon,I205,E PORTLAND FRWY,State,Paved,4,88,1,1,0,0.00396957298731983
125926,540999,0,0.53,02_6693681,2,02_41,Oregon, ,SW BOONES FERRY RD,Municipal,Paved,2,72,4,0,0,0.00531564661896037
122938,541249,0,0.35,02_6700079,2,02_41,Oregon,S10,FARMINGTON RD,State,Paved,2,72,5,0,0,0.00449817993864196
127586,542914,0,0.02,02_6781512,2,02_41,Oregon,S213,82ND AV,State,Paved,4,80,3,10,0,0.000147053095808411
126258,541358,0,0.04,02_6703901,2,02_41,Oregon,I405,STADIUM EXWY,State,Paved,6,104,1,1,0,0.000486796653639323
128419,543798,0,0.95,02_6815918,2,02_53,Washington, ,E MILL PLAIN BLVD,Municipal,Paved,4,56,3,10,0,0.0120875983898743
128348,543670,0,0.4,02_6812213,2,02_53,Washington, ,NE HWY 99,Municipal,Paved,4,64,3,10,0,0.00365561394709744
126095,540841,0,0.11,02_6687310,2,02_41,Oregon, , ,Municipal,Paved,2,72,3,10,0,0.00129616407365251
127091,542197,0,0.18,02_6763410,2,02_41,Oregon,I205,E PORTLAND FRWY,State,Paved,6,88,1,1,0,0.00164508895669018
128016,543117,0,0.8,02_6791302,2,02_41,Oregon,U26,POWELL BLVD,State,Paved,3,56,3,10,0,0.0101725587258938
127755,542563,0,0,02_6771171,2,02_41,Oregon,S99E,GRAND AV,State,Paved,4,48,3,10,0,3.00191064902339E-05
127918,543115,0,0.14,02_6790382,2,02_41,Oregon, , ,Municipal,Paved,6,72,3,10,0,0.00132173942529672
127254,542868,0,0.09,02_6779824,2,02_41,Oregon,I205,E PORTLAND FRWY,State,Paved,7,88,1,1,0,0.000857156686030542
126759,541898,0,1.22,02_6788757,2,02_53,Washington, ,MCCILLIVRAY BLVD,Municipal,Paved,2,72,4,0,0,0.0150798575435941
125431,541634,0,0.14,02_6723002,2,02_53,Washington,S501,NW NEW LOWER RIVER RD,State,Paved,2,80,4,8,0,0.00159394637420505
123341,541632,0,1.3,02_6723695,2,02_53,Washington,S501,NW NEW LOWER RIVER RD,State,Paved,2,80,3,8,0,0.0158778858638461
127400,542070,0,0.86,02_6760946,2,02_41,Oregon, ,MOLALLA AV,Municipal,Paved,2,72,4,0,0,0.00981379560669741
126945,541977,0,0.98,02_6756376,2,02_41,Oregon,S213,S CASCADE HWY,State,Paved,2,56,3,10,0,0.00931730058810178
125949,541025,0,0.4,02_6694396,2,02_41,Oregon,S210,SCHOLLS FERRY RD,State,Paved,4,64,3,10,0,0.00513043398629122
127609,542650,0,0.12,02_6774080,2,02_41,Oregon,U30  B,SANDY BLVD,State,Paved,3,72,3,10,0,0.00137516255479237
126281,541443,0,0,02_6705929,2,02_41,Oregon,U30, ,State,Paved,4,88,2,7,0,4.99989547063492E-06
127732,542479,0,0.03,02_6769207,2,02_41,Oregon,I405, ,State,Paved,6,104,1,1,0,0.000284386790464664
127068,543294,0,0.11,02_6794739,2,02_53,Washington,S14, ,State,Paved,4,88,2,7,0,0.00139010734318809
128273,543741,0,0.25,02_6814513,2,02_53,Washington, ,NE HWY 99,Municipal,Paved,2,56,3,10,0,0.00224782407669136
127941,543247,0,0.08,02_6793079,2,02_41,Oregon, , ,Municipal,Paved,2,72,3,10,0,0.000712474561779362
128064,543149,0,0.1,02_6790196,2,02_41,Oregon, , ,Municipal,Paved,6,72,3,10,0,0.000942002414707998
127277,543073,0,0.06,02_6788066,2,02_41,Oregon, ,AIRPORT WY,Municipal,Paved,2,40,3,8,0,0.000726427398322827
126613,543815,0,0.21,02_6816347,2,02_53,Washington, ,NE ANDERSEN AV,Municipal,Paved,4,56,3,10,0,0.00189936034397512
128605,543863,0,0.23,02_6818363,2,02_53,Washington,S500, ,State,Paved,5,88,2,7,0,0.0027336903461522
126072,540952,0,0.22,02_6691792,2,02_41,Oregon,U26,SUNSET HWY,State,Paved,4,88,2,7,0,0.00263586578806103
126310,541264,0,0.06,02_6700254,2,02_41,Oregon, ,BROADWAY,Municipal,Paved,2,72,5,0,0,0.000781461589174789
125972,541326,0,0.29,02_6702705,2,02_41,Oregon,U30  P,LOMBARD ST,State,Paved,4,56,4,0,0,0.00353190856213702
123387,541449,0,1.28,02_6708044,2,02_41,Oregon, ,COLUMBIA BLVD,Municipal,Paved,4,40,3,8,0,0.0160276034733493
127638,542422,0,0.16,02_6767880,2,02_41,Oregon, ,BROADWAY AV,Municipal,Paved,2,72,3,8,0,0.00142496047517771
123061,542743,0,0.03,02_6775957,2,02_41,Oregon,S99E,UNION AV,State,Paved,4,88,3,8,0,0.000385061881099749
126636,542973,0,0.05,02_6783240,2,02_53,Washington,I205, ,State,Paved,7,96,1,1,0,0.000444389467942914
127300,543094,0,0.02,02_6788733,2,02_53,Washington,I205, ,State,Paved,7,96,1,1,0,0.000145824836714045
127045,543280,0,0.02,02_6793873,2,02_53,Washington,S14,LEWIS AND CLARK HWY,State,Paved,5,96,2,7,0,0.00019165909359065
127964,543268,0,0.04,02_6793709,2,02_41,Oregon, , ,Municipal,Paved,2,56,3,10,0,0.000325098180895625
128302,543926,0,0.2,02_6819464,2,02_53,Washington,I205, ,State,Paved,4,96,1,1,0,0.00220009767954457
126974,543399,0,0.83,02_6802980,2,02_53,Washington,S14, ,State,Paved,4,88,2,7,0,0.0104405499646136
127323,542091,0,0.07,02_6760790,2,02_41,Oregon, ,MOLALLA AV,Municipal,Paved,2,72,4,0,0,0.000706442194969845
125995,541028,0,0.98,02_6694648,2,02_41,Oregon,S217,BEAVERTON-TIGARD HWY,State,Paved,4,88,2,7,0,0.00892840143651024
127661,542342,0,0.02,02_6766458,2,02_41,Oregon,I5,PACIFIC HWY,State,Paved,4,104,1,1,0,0.000182133955339519
126358,541393,0,0.04,02_6704802,2,02_41,Oregon,I405,STADIUM EXWY,State,Paved,4,104,1,1,0,0.000356899067765386
127987,543013,0,1.35,02_6787258,2,02_41,Oregon, ,GLISAN ST,Municipal,Paved,4,64,3,10,0,0.0172924372569448
128325,543641,0,0.27,02_6811498,2,02_53,Washington,I5, ,State,Paved,6,96,1,1,0,0.00253871590378524
126659,542995,0,0.7,02_6784914,2,02_41,Oregon,S212,CLACKAMAS-BORING HWY,State,Paved,2,72,3,7,0,0.00891904801933654
127346,542139,0,0.07,02_6761818,2,02_41,Oregon,S213,S CASCADE HWY,State,Paved,2,88,3,10,0,0.000689674975213221
126018,541044,0,0.37,02_6695382,2,02_41,Oregon,S217,BEAVERTON-TIGARD HWY,State,Paved,4,88,2,7,0,0.00390835731298918
126264,541368,0,0.39,02_6704258,2,02_41,Oregon,U30,ST HELENS RD,State,Paved,2,72,4,0,0,0.00448666446767409
127592,542641,0,0.08,02_6773497,2,02_41,Oregon, ,39TH AV,Municipal,Paved,4,72,3,10,0,0.000730006321076284
128010,543195,0,0.66,02_6791092,2,02_41,Oregon, ,BURNSIDE RD,Municipal,Paved,4,72,3,7,0,0.00781752622961356
127515,542881,0,0.7,02_6782223,2,02_41,Oregon,S213,82ND AV,State,Paved,4,88,3,8,0,0.0062769202504265
125425,541629,0,0.09,02_6722505,2,02_41,Oregon, ,MARINE DR,Municipal,Paved,4,56,4,8,0,0.00104695065056331
128179,543919,0,1.17,02_6820368,2,02_53,Washington, ,NE 83RD ST,Municipal,Paved,4,72,3,10,0,0.0148730816625506
126089,540848,0,0.13,02_6687256,2,02_41,Oregon, , ,Municipal,Paved,2,72,3,10,0,0.00142433197107699
128256,543851,0,0.56,02_6817674,2,02_53,Washington,I205, ,State,Paved,6,96,1,1,0,0.00517029344102926
126753,544093,0,0.4,02_6824225,2,02_53,Washington, , ,Municipal,Paved,2,64,3,10,0,0.00364622586415631
122869,541197,0,0.22,02_6698467,2,02_41,Oregon,I5,PACIFIC HWY,State,Paved,6,88,1,1,0,0.00281835955484847
127369,542157,0,0.12,02_6762457,2,02_41,Oregon,I205,E PORTLAND FRWY,State,Paved,6,88,1,1,0,0.00114641409160153
127615,542220,0,0.34,02_6774169,2,02_41,Oregon,U30  B,SANDY BLVD,State,Paved,3,72,3,10,0,0.00402198489407953
127492,542777,0,0.64,02_6777726,2,02_41,Oregon,I84,COLUMBIA RIVER HWY,State,Paved,6,104,1,1,0,0.00744958476172833
126287,541447,0,0.01,02_6706006,2,02_41,Oregon,I405, ,State,Paved,6,104,1,1,0,8.78633704024293E-05
126164,541145,0,0.05,02_6696897,2,02_41,Oregon, ,SW STAFFORD RD,Municipal,Paved,2,88,4,0,0,0.000466804261875697
126066,540947,0,0.73,02_6691268,2,02_41,Oregon, ,185TH AV,Municipal,Paved,4,72,3,10,0,0.00653453006205968
128279,543748,0,0.2,02_6814600,2,02_53,Washington,I5, ,State,Paved,8,96,1,1,0,0.00181710202538814
128033,543213,0,0.09,02_6792013,2,02_41,Oregon, , ,Municipal,Paved,2,72,3,10,0,0.000816821548912628
126135,541178,0,0.28,02_6697580,2,02_41,Oregon,I5,PACIFIC HWY,State,Paved,6,88,1,1,0,0.00268624893586375
126218,541099,0,0.04,02_6696172,2,02_41,Oregon, , ,Municipal,Paved,3,72,3,10,0,0.000431910769636162
125886,541301,0,0.52,02_6701883,2,02_41,Oregon,U26,SUNSET HWY,State,Paved,6,88,2,7,0,0.00641375836962291
123230,542303,0,0,02_6765628,2,02_41,Oregon,I405,EXIT,State,Paved,6,104,1,1,0,2.9154236273214E-05
123218,542295,0,0.01,02_6765163,2,02_41,Oregon,U26W,KELLY AV,State,Paved,2,72,4,0,0,0.000116303729119305
127807,542606,0,0.24,02_6772366,2,02_41,Oregon,S99E,UNION AV,State,Paved,4,48,3,10,0,0.00213416929486493
128542,543621,0,0.08,02_6810741,2,02_53,Washington, , ,Municipal,Paved,2,56,3,0,0,0.000950468786219829
128388,543703,0,0.28,02_6813298,2,02_53,Washington, ,NE ST JOHNS RD RD,Municipal,Paved,2,56,3,10,0,0.00307518119216806
122969,541424,0,0.03,02_6705691,2,02_41,Oregon,I405,STADIUM EXWY,State,Paved,4,104,1,1,0,0.000275048956360219
127795,542599,0,0,02_6771916,2,02_41,Oregon, ,WILLIAMS AVE,Municipal,Paved,2,72,4,8,0,3.70137250823782E-05
128056,543147,0,0.13,02_6790131,2,02_41,Oregon, , ,Municipal,Paved,6,72,3,10,0,0.00113302150869466
127214,542825,0,0.24,02_6778875,2,02_41,Oregon,I205,E PORTLAND FRWY,State,Paved,6,88,1,1,0,0.00214043750244285
127546,542693,0,0.49,02_6774811,2,02_41,Oregon, ,KILLINGSWORTH ST,Municipal,Paved,2,64,4,0,0,0.00622706211786999
127463,542760,0,0.71,02_6776543,2,02_41,Oregon,S99E,UNION AV,State,Paved,4,88,3,8,0,0.00682960027717992
127120,542261,0,0.04,02_6764439,2,02_41,Oregon,S43S,HOOD AV,State,Paved,2,56,3,10,0,0.000443975117077059
127452,542230,0,0.5,02_6773226,2,02_41,Oregon, ,39TH AV,Municipal,Paved,4,72,3,10,0,0.00448356182226148
127901,542662,0,0.43,02_6775588,2,02_41,Oregon,S99E,UNION AV,State,Paved,4,48,3,10,0,0.00388905613889318
126776,543109,0,0.85,02_6789419,2,02_53,Washington, ,SE 164TH AV,Municipal,Paved,6,64,3,10,0,0.00764943009122863
128233,543838,0,0.02,02_6817060,2,02_53,Washington, ,SE MILL PLAIN BLVD,Municipal,Paved,6,56,3,10,0,0.000239076275267559
128448,543732,0,0.49,02_6814160,2,02_53,Washington,I5, ,State,Paved,6,96,1,1,0,0.00445321820396353
125448,540904,0,0.67,02_6689330,2,02_41,Oregon, ,CORNELL RD,Municipal,Paved,2,72,5,7,0,0.00844895514013096
127108,542003,0,0.4,02_6764122,2,02_41,Oregon,I205,E PORTLAND FRWY,State,Paved,6,88,1,1,0,0.00362630459894706
126905,543237,0,0.18,02_6792895,2,02_41,Oregon, , ,Municipal,Paved,2,72,3,10,0,0.0016229866855787
123278,541990,0,1.19,02_6757234,2,02_41,Oregon, ,S REDLAND RD,Municipal,Paved,2,72,4,0,0,0.0148195694727939
126172,541135,0,0.78,02_6697282,2,02_41,Oregon,I205,E PORTLAND FRWY,State,Paved,4,104,1,1,0,0.00988061225295725
126181,541052,0,0.31,02_6695405,2,02_41,Oregon,S10,BARBUR BLVD,State,Paved,2,88,3,7,0,0.003642789787208
127841,542528,0,0.08,02_6770382,2,02_41,Oregon,S99E,UNION AV,State,Paved,4,48,3,7,0,0.00073513721375472
123184,542235,0,0.24,02_6767271,2,02_41,Oregon,S99E,GRAND AV,State,Paved,4,48,3,7,0,0.00214726120891743
127509,542928,0,0.11,02_6781801,2,02_41,Oregon,S213,82ND AV,State,Paved,4,88,3,8,0,0.0010300039270021
122875,538097,0,0.81,02_6699032,2,02_41,Oregon,S43,COUNTRY CLUB RD,State,Paved,4,48,3,7,0,0.0103935180746781
127154,542943,0,0.09,02_6782587,2,02_41,Oregon,U30  P,COLUMBIA BLVD,State,Paved,5,72,3,8,0,0.00110186656208485
126859,543546,0,0.02,02_6808868,2,02_53,Washington,I5, ,State,Paved,6,104,1,1,0,0.000150840980608413
128494,543582,0,0.09,02_6809612,2,02_53,Washington, ,W 14TH ST,Municipal,Paved,3,40,3,0,0,0.00116901553253823
128482,543654,0,0.15,02_6811463,2,02_53,Washington, ,MAIN ST,Municipal,Paved,2,72,3,10,0,0.00134768303909658
125199,541593,0,6.72,02_6720330,2,02_41,Oregon,U30,COLUMBIA RIVER HWY,State,Paved,4,64,3,7,0,0.0647413829195319
122978,541434,0,0.13,02_6705841,2,02_41,Oregon, ,NICOLAI ST,Municipal,Paved,2,48,5,8,0,0.00159191732459009
127306,542056,0,1,02_6760233,2,02_41,Oregon,S99E,MCLOUGHLIN BLVD,State,Paved,4,72,3,7,0,0.00916287163619981
128047,543136,0,0.56,02_6789748,2,02_41,Oregon, ,DIVISION ST,Municipal,Paved,2,64,3,10,0,0.00712810536600699
127555,542698,0,0.24,02_6774911,2,02_41,Oregon,I5,PACIFIC HWY,State,Paved,6,88,1,1,0,0.00219923245357055
126962,543386,0,0.02,02_6802426,2,02_41,Oregon,I84,COLUMBIA RIVER HWY,State,Paved,6,104,1,1,0,0.000271272456745816
128296,543924,0,0.69,02_6819336,2,02_53,Washington, ,NE ST JOHNS RD,Municipal,Paved,4,72,4,0,0,0.00765525511777075
126968,543389,0,0.76,02_6802867,2,02_41,Oregon,I84,COLUMBIA RIVER HWY,State,Paved,6,104,1,1,0,0.00973428075459696
126327,541281,0,0.06,02_6700685,2,02_41,Oregon,S10,BEAVERTON-HILLSBORO HWY,State,Paved,4,48,3,10,0,0.000707057465491612
126321,541271,0,0.17,02_6700606,2,02_41,Oregon,S10,BEAVERTON-HILLSBORO HWY,State,Paved,4,48,3,10,0,0.00212309010180922
123370,541469,0,0.82,02_6707156,2,02_41,Oregon, ,SWIFT HWY 120,Municipal,Paved,2,72,4,8,0,0.00892042256298546
127360,542150,0,0.02,02_6762360,2,02_41,Oregon,S212,CARVER HWY,State,Paved,4,56,3,7,0,0.000203010240158977
127655,542313,0,0.21,02_6766368,2,02_41,Oregon,I5,PACIFIC HWY,State,Paved,4,104,1,1,0,0.00192852676585037
127649,542433,0,0.03,02_6768296,2,02_41,Oregon, ,MORRISON BRIDGE,Municipal,Paved,2,56,4,0,0,0.000334611826852521
127993,543053,0,0.13,02_6787714,2,02_41,Oregon, , ,Municipal,Paved,4,72,3,10,0,0.00168819686147815
128534,543605,0,0.06,02_6810339,2,02_53,Washington,S14,LEWIS AND CLARK HWY,State,Paved,4,96,2,7,0,0.000818711498890646
126868,543554,0,0.05,02_6808979,2,02_53,Washington, ,WASHINGTON ST,Municipal,Paved,3,40,3,10,0,0.000467154116294525
126026,540860,0,0.16,02_6688123,2,02_41,Oregon, , ,Municipal,Paved,4,72,3,10,0,0.00195645120833503
126032,540880,0,1.2,02_6688204,2,02_41,Oregon, ,MURRAY BLVD,Municipal,Paved,4,72,3,10,0,0.0107674127669734
123178,542368,0,0.08,02_6767217,2,02_41,Oregon,S99E,UNION AV,State,Paved,4,48,3,7,0,0.000718033887805264
127847,542526,0,0.08,02_6770444,2,02_41,Oregon,S99E,GRAND AV,State,Paved,4,72,3,7,0,0.00069934860743415
127260,542856,0,0.46,02_6780220,2,02_41,Oregon,I84,COLUMBIA RIVER HWY,State,Paved,6,104,1,1,0,0.00429857021735928
126765,543066,0,0.87,02_6788933,2,02_41,Oregon,U30  P,SANDY BLVD,State,Paved,2,64,3,10,0,0.0110212594156859
128342,543524,0,0.42,02_6811744,2,02_53,Washington,S500, ,State,Paved,4,88,2,7,0,0.00531904636164288
128588,543870,0,0.05,02_6817855,2,02_53,Washington, ,NE FOURTH PLAIN BLVD,Municipal,Paved,4,88,3,10,0,0.000565460394992001
125932,541012,0,0.02,02_6693873,2,02_41,Oregon,I5,PACIFIC HWY,State,Paved,6,104,1,1,0,0.000158619185945519
122932,540804,0,0.09,02_6699729,2,02_41,Oregon,S8,TUALATIN VALLEY HWY,State,Paved,2,88,3,7,0,0.0011926753635321
127014,542993,0,4.99,02_6785239,2,02_41,Oregon,S224, ,State,Paved,2,88,4,0,0,0.0578332720874837
127406,542105,0,0,02_6761047,2,02_41,Oregon,S99E,MCLOUGHLIN BLVD,State,Paved,6,64,3,10,0,1.60312342599753E-05
126275,541367,0,0.26,02_6704595,2,02_41,Oregon,U26,SUNSET HWY,State,Paved,7,88,2,7,0,0.00320334954334097
125193,540100,0,5.72,02_6719823,2,02_41,Oregon, ,NW CORNELIUS PASS RD,Municipal,Paved,2,56,4,0,0,0.0567364561155318
127701,542320,0,0.01,02_6765870,2,02_41,Oregon,I5,PACIFIC HWY,State,Paved,4,104,1,1,0,0.000111072005632164
127160,542959,0,0.02,02_6783012,2,02_41,Oregon,I205,E PORTLAND FRWY,State,Paved,6,88,1,1,0,0.000232499582171487
128242,543842,0,0.12,02_6817151,2,02_53,Washington,I205, ,State,Paved,7,96,1,1,0,0.00127482238829598
128488,543573,0,0.08,02_6809506,2,02_53,Washington, ,W 16TH ST,Municipal,Paved,2,56,3,0,0,0.00103805856995728
126619,543819,0,0.28,02_6816844,2,02_53,Washington,S500, ,State,Paved,5,88,2,7,0,0.00333327449443921
126078,540946,0,0.54,02_6691832,2,02_41,Oregon,U26,SUNSET HWY,State,Paved,4,88,2,7,0,0.00655654975616987
127947,543229,0,0.16,02_6793179,2,02_41,Oregon, , ,Municipal,Paved,2,72,3,10,0,0.00179015567684509
122975,541432,0,0.04,02_6705793,2,02_41,Oregon,U30, ,State,Paved,4,88,2,7,0,0.000525333865671119
126295,541457,0,0.07,02_6706110,2,02_41,Oregon, ,YEON AV,Municipal,Paved,4,72,3,7,0,0.000888766263915008
127220,542831,0,0.4,02_6778977,2,02_41,Oregon,S213,82ND AV,State,Paved,4,56,3,10,0,0.0036429245425564
123141,542229,0,0.41,02_6768338,2,02_41,Oregon,I5,PACIFIC HWY,State,Paved,6,104,1,1,0,0.00376966396533881
127718,542468,0,0.02,02_6768993,2,02_41,Oregon, ,INTERSTATE AV,Municipal,Paved,4,80,4,8,0,0.000185988365409967
127552,542699,0,0.12,02_6774886,2,02_41,Oregon,U30  P,LOMBARD ST,State,Paved,4,56,4,0,0,0.00152400207048948
126556,544064,0,0.63,02_6822999,2,02_53,Washington, ,NE 162ND AV,Municipal,Paved,6,64,3,10,0,0.00570530583186243
127054,543284,0,0.34,02_6794181,2,02_53,Washington,S14, ,State,Paved,4,96,2,7,0,0.00424069146329623
126058,540885,0,1.1,02_6690779,2,02_41,Oregon,S8,TUALATIN VALLEY HWY,State,Paved,2,48,3,7,0,0.0140191872641631
123284,542016,0,1.45,02_6757635,2,02_41,Oregon,S43,WILLAMETTE DR,State,Paved,2,56,3,7,0,0.0153251852607084
127077,542181,0,0.18,02_6763162,2,02_41,Oregon,S213,82ND AV,State,Paved,4,88,3,7,0,0.00162174338313804
126911,543238,0,0.16,02_6792957,2,02_41,Oregon, , ,Municipal,Paved,2,72,3,10,0,0.00169790642286809
127575,542880,0,1.8,02_6780860,2,02_41,Oregon, ,CORNFOOT GABRESKI RD,Municipal,Paved,2,72,5,8,0,0.0224224574510895
123069,542755,0,0.01,02_6776403,2,02_41,Oregon,I5,PACIFIC HWY,State,Paved,6,104,1,1,0,9.93274213434814E-05
125442,541641,0,0.32,02_6723525,2,02_53,Washington, ,RIVER RD,Municipal,Paved,2,56,3,0,0,0.00307374714215625
126081,540965,0,0.4,02_6691895,2,02_41,Oregon,S8,TUALATIN VALLEY HWY,State,Paved,2,64,3,7,0,0.00514387274334099
128571,543905,0,0.74,02_6819132,2,02_53,Washington, ,NE FOURTH PLAIN BLVD,Municipal,Paved,4,64,3,10,0,0.00911825572349772
128073,543406,0,0.86,02_6803439,2,02_53,Washington, ,NE 3RD AVE,Municipal,Paved,4,64,3,10,0,0.0106375010873069
126934,541920,0,1.78,02_6755687,2,02_41,Oregon, ,MOLALLA AV,Municipal,Paved,2,72,4,0,0,0.0169741329405356
126009,541049,0,0.58,02_6695273,2,02_41,Oregon,S217,BEAVERTON-TIGARD HWY,State,Paved,4,88,2,7,0,0.00606729359563616
127340,542015,0,0.93,02_6761706,2,02_41,Oregon,S99E,MCLOUGHLIN BLVD,State,Paved,4,64,3,10,0,0.00930387150288924
122926,541223,0,0.18,02_6699553,2,02_41,Oregon,I5,PACIFIC HWY,State,Paved,6,104,1,1,0,0.00223260900072971
127669,542347,0,0.08,02_6766597,2,02_41,Oregon,I5,PACIFIC HWY,State,Paved,6,104,1,1,0,0.000710945494846744
126344,541387,0,0,02_6704678,2,02_41,Oregon,I405,STADIUM EXWY,State,Paved,6,104,1,1,0,1.65534619077208E-05
128004,543062,0,0.16,02_6787904,2,02_41,Oregon, , ,Municipal,Paved,2,72,3,10,0,0.00207207741927719
127930,543176,0,0.16,02_6790888,2,02_41,Oregon, , ,Municipal,Paved,2,72,3,10,0,0.00207600057448084
128336,543643,0,0.25,02_6811654,2,02_53,Washington,S500, ,State,Paved,2,40,4,7,0,0.00325623607788021
128594,543874,0,0.29,02_6817938,2,02_53,Washington, ,NE FOURTH PLAIN BLVD,Municipal,Paved,4,64,3,10,0,0.00312724947840695
127412,542112,0,0.09,02_6761121,2,02_41,Oregon,S99E,MCLOUGHLIN BLVD,State,Paved,6,64,3,10,0,0.00080451060118056
127363,542153,0,0.03,02_6762382,2,02_41,Oregon,S212,CARVER HWY,State,Paved,5,56,3,7,0,0.000389001448430949
127695,542314,0,0.1,02_6765775,2,02_41,Oregon,S43S,HOOD AV,State,Paved,2,40,3,0,0,0.000920357992712015
122949,541407,0,0.03,02_6705209,2,02_41,Oregon,U30  B,BURNSIDE ST,State,Paved,2,72,3,10,0,0.000407314983713356
127744,542485,0,0.07,02_6769734,2,02_41,Oregon, ,LARRABEE AVE,Municipal,Paved,2,56,4,8,0,0.00075736499145619
128359,543684,0,0.04,02_6812356,2,02_53,Washington, ,GRAND BLVD,Municipal,Paved,2,56,3,10,0,0.000419631038748668
126650,542982,0,1.28,02_6784366,2,02_41,Oregon,S224, ,State,Paved,2,88,3,10,0,0.0122152341801037
127953,543255,0,0.19,02_6793288,2,02_41,Oregon,U30  P,SANDY BLVD,State,Paved,2,64,4,0,0,0.00175431147429171
128285,543758,0,0.01,02_6815029,2,02_53,Washington,I205, ,State,Paved,4,96,1,1,0,0.000151485378530874
128408,543782,0,0.12,02_6815822,2,02_53,Washington,I205, ,State,Paved,4,96,1,1,0,0.00131232060886693
125889,541296,0,1.79,02_6701948,2,02_41,Oregon,U26,SUNSET HWY,State,Paved,7,88,2,7,0,0.0227485117586107
125966,541329,0,0.16,02_6702625,2,02_41,Oregon, ,IVANHOE ST,Municipal,Paved,2,72,5,8,0,0.00186161309964664
127389,542183,0,0.15,02_6763049,2,02_41,Oregon,S213,82ND AV,State,Paved,4,88,2,7,0,0.0013912510188928
127128,542252,0,0.06,02_6764827,2,02_41,Oregon,I5,PACIFIC HWY,State,Paved,6,88,1,1,0,0.000541156463947761
128053,543142,0,0.04,02_6789800,2,02_41,Oregon, , ,Municipal,Paved,6,72,3,10,0,0.000380021016576806
127887,542703,0,0.14,02_6774989,2,02_41,Oregon,U30  P,LOMBARD ST,State,Paved,4,56,4,0,0,0.0018220010805698
127881,542710,0,0.01,02_6774949,2,02_41,Oregon,I5,PACIFIC HWY,State,Paved,6,88,1,1,0,8.60005602021374E-05
126630,542963,0,1.38,02_6783149,2,02_53,Washington,S14,LEWIS AND CLARK HWY,State,Paved,4,96,2,7,0,0.0172680009437707
125225,541492,0,0.09,02_6708415,2,02_41,Oregon, ,MARINE DR,Municipal,Paved,4,88,3,8,0,0.000910925799281213
128545,543614,0,0.19,02_6810775,2,02_53,Washington, ,E MILL PLAIN BLVD,Municipal,Paved,4,56,3,10,0,0.00230811330965929
128379,543701,0,0.3,02_6813150,2,02_53,Washington,S500, ,State,Paved,4,88,2,7,0,0.00369644206031157
128551,543893,0,0.02,02_6818501,2,02_53,Washington,I205, ,State,Paved,6,96,1,1,0,0.000151347607732132
125989,541030,0,0.1,02_6694568,2,02_41,Oregon,S210,SCHOLLS FERRY RD,State,Paved,4,56,3,10,0,0.00106187802529446
125872,541297,0,0.77,02_6701363,2,02_41,Oregon,S8,CANYON RD,State,Paved,2,88,3,10,0,0.00936219554137593
125866,541237,0,0.81,02_6701236,2,02_41,Oregon,S217,BEAVERTON-TIGARD HWY,State,Paved,4,88,2,7,0,0.00921769235032087
126364,541400,0,0.08,02_6705124,2,02_41,Oregon,I405,STADIUM EXWY,State,Paved,4,104,1,1,0,0.000739150015259437
123161,542374,0,0.29,02_6768837,2,02_41,Oregon,U30  B,BURNSIDE ST,State,Paved,4,72,3,10,0,0.00375211641446653
123167,542460,0,0.08,02_6768900,2,02_41,Oregon, ,RUSSELL ST,Municipal,Paved,2,80,5,8,0,0.000998007871253892
126038,540893,0,0.1,02_6688598,2,02_41,Oregon,S8,TUALATIN VALLEY HWY,State,Paved,4,80,3,7,0,0.0012489947356391
127028,543027,0,0.15,02_6786273,2,02_41,Oregon, , ,Municipal,Paved,4,72,3,10,0,0.00194513965825602
123333,541649,0,0.1,02_6723590,2,02_53,Washington, ,RIVER RD,Municipal,Paved,2,56,3,0,0,0.00112213769959254
128522,543569,0,0.59,02_6810141,2,02_53,Washington, ,BROADWAY,Municipal,Paved,2,40,3,10,0,0.00528750138499704
128528,543602,0,0.44,02_6810237,2,02_53,Washington, ,MAIN ST,Municipal,Paved,2,40,3,10,0,0.00418108203427294
127981,543011,0,1.05,02_6786971,2,02_41,Oregon,U26,POWELL BLVD,State,Paved,4,56,3,10,0,0.0132014733036733
128030,543210,0,0.16,02_6791959,2,02_41,Oregon, , ,Municipal,Paved,2,72,3,10,0,0.00144991337092668
126015,541058,0,0.01,02_6695360,2,02_41,Oregon,S217,BEAVERTON-TIGARD HWY,State,Paved,4,88,2,7,0,7.21800838088779E-05
126338,541284,0,0.39,02_6701084,2,02_41,Oregon,S217,BEAVERTON-TIGARD HWY,State,Paved,4,88,2,7,0,0.00354486422479823
123261,542052,0,0.61,02_6759949,2,02_41,Oregon,S224,MILWAUKIE EXWY,State,Paved,4,88,2,7,0,0.00661638611126319
127097,542206,0,0.47,02_6763866,2,02_41,Oregon,I205,E PORTLAND FRWY,State,Paved,6,88,1,1,0,0.00426036478741529
127838,542507,0,0.13,02_6770350,2,02_41,Oregon,I5,PACIFIC HWY,State,Paved,4,104,1,1,0,0.00120755818898269
127761,542536,0,0.23,02_6771234,2,02_41,Oregon,S99E,GRAND AV,State,Paved,4,48,3,10,0,0.00210725072537907
127171,542966,0,0.31,02_6783131,2,02_41,Oregon, ,AIRPORT WY,Municipal,Paved,4,64,3,8,0,0.00370505591659717
128502,543576,0,0.06,02_6809662,2,02_53,Washington, , ,Municipal,Paved,2,56,3,0,0,0.000741067990904196
128428,543696,0,0.66,02_6813517,2,02_53,Washington, ,NE ST JAMES RD RD,Municipal,Paved,2,56,3,10,0,0.00608426138659952
127320,542089,0,0.13,02_6760734,2,02_41,Oregon, ,MOLALLA AV,Municipal,Paved,2,56,4,0,0,0.00147755271162939
127689,542310,0,0.08,02_6765724,2,02_41,Oregon,U26, ,State,Paved,2,80,4,0,0,0.000980471399335834
127861,542540,0,0.05,02_6770594,2,02_41,Oregon,I84,COLUMBIA RIVER HWY,State,Paved,6,104,1,1,0,0.000568287186080388
127738,542481,0,0.01,02_6769595,2,02_41,Oregon,I5,PACIFIC HWY,State,Paved,4,104,1,1,0,0.000123692807627575
127787,542592,0,0.06,02_6771850,2,02_41,Oregon,I5,PACIFIC HWY,State,Paved,4,104,1,1,0,0.00054505995100094
127910,543158,0,0.05,02_6790233,2,02_41,Oregon, , ,Municipal,Paved,6,72,3,10,0,0.000462052753845103
128402,543774,0,0.08,02_6815401,2,02_53,Washington,I205, ,State,Paved,4,96,1,1,0,0.000982088649873766
127246,542000,0,0.68,02_6779697,2,02_41,Oregon, ,GLISAN ST,Municipal,Paved,4,64,3,10,0,0.00870709506185154
127148,542951,0,0.03,02_6782514,2,02_41,Oregon,U30  P,COLUMBIA BLVD,State,Paved,5,72,3,8,0,0.000390518242501411
126607,543809,0,0.31,02_6816248,2,02_53,Washington,S500, ,State,Paved,4,88,2,7,0,0.00399700807072314
126656,542977,0,1.35,02_6784656,2,02_41,Oregon, ,SE SUNNYSIDE RD,Municipal,Paved,2,64,4,0,0,0.0172062653687001
127197,542791,0,0.22,02_6778679,2,02_41,Oregon,I205,E PORTLAND FRWY,State,Paved,6,88,1,1,0,0.00197452781205617
128451,543736,0,0.05,02_6814248,2,02_53,Washington,I5, ,State,Paved,6,96,1,1,0,0.000518086882270745
126301,541455,0,0.1,02_6706576,2,02_41,Oregon, ,BALBOA AVE,Municipal,Paved,2,48,5,8,0,0.00101697948788728
127475,542774,0,0.18,02_6777019,2,02_41,Oregon,U26,POWELL BLVD,State,Paved,4,56,3,10,0,0.00230216165295511
127724,542472,0,0.02,02_6769036,2,02_41,Oregon,I405, ,State,Paved,6,104,1,1,0,0.000221995430857814
127973,543039,0,0.16,02_6786832,2,02_41,Oregon, , ,Municipal,Paved,4,72,3,10,0,0.00203808179227329
123396,541488,0,0.18,02_6708348,2,02_41,Oregon,I5,PACIFIC HWY,State,Paved,6,88,1,1,0,0.00162105028716296
127048,543278,0,0.42,02_6793926,2,02_53,Washington,S14,LEWIS AND CLARK HWY,State,Paved,5,96,2,7,0,0.00527741464286808
128471,543639,0,0.52,02_6811060,2,02_53,Washington, ,MAIN ST,Municipal,Paved,4,48,3,10,0,0.00469782941314355
128459,543631,0,0,02_6810920,2,02_53,Washington,I5, ,State,Paved,6,96,1,1,0,6.00009727946826E-06
126052,540908,0,0.34,02_6689247,2,02_41,Oregon, ,CORNELL RD,Municipal,Paved,4,72,3,7,0,0.00417911041190818
127961,543266,0,0.07,02_6793690,2,02_41,Oregon, , ,Municipal,Paved,2,56,3,10,0,0.000597271344248052
126550,544057,0,1.15,02_6822557,2,02_53,Washington, ,NE FOURTH PLAIN RD,Municipal,Paved,4,64,3,10,0,0.0143073124623643
123290,541908,0,2.43,02_6758226,2,02_41,Oregon,I205,E PORTLAND FRWY,State,Paved,4,88,1,1,0,0.0291581058888753
126942,541979,0,0.02,02_6756315,2,02_41,Oregon, ,MOLALLA AV,Municipal,Paved,2,72,4,10,0,0.00026575394567042
125946,540989,0,0.83,02_6694355,2,02_41,Oregon,I5,PACIFIC HWY,State,Paved,7,88,1,1,0,0.00777163027454062
123241,541992,0,2.58,02_6758876,2,02_41,Oregon,I5,PACIFIC HWY,State,Paved,6,88,1,1,0,0.0253380068913526
127440,542577,0,0.47,02_6772523,2,02_41,Oregon,S99E,UNION AV,State,Paved,4,48,3,10,0,0.00419810985982891
127618,542674,0,0.08,02_6774255,2,02_41,Oregon, ,INTERSTATE AVE,Municipal,Paved,2,56,4,8,0,0.000859871677266485
128067,543156,0,0.06,02_6790214,2,02_41,Oregon, , ,Municipal,Paved,6,72,3,10,0,0.000544001012072833
127569,542895,0,0.21,02_6780736,2,02_41,Oregon,U30  P,LOMBARD ST,State,Paved,4,72,3,7,0,0.00249955249922957
125909,540978,0,1.1,02_6692490,2,02_41,Oregon,U26,SUNSET HWY,State,Paved,6,88,2,7,0,0.0133092750605892
128565,543903,0,0.04,02_6818712,2,02_53,Washington, ,NE CHEER DR,Municipal,Paved,2,56,3,10,0,0.000353362864518107
127426,542114,0,0.11,02_6761578,2,02_41,Oregon,S213,S CASCADE HWY,State,Paved,2,88,3,10,0,0.000985779850635237
127177,542795,0,0.83,02_6777980,2,02_41,Oregon,S213,82ND AV,State,Paved,4,56,3,10,0,0.00746000093477942
128508,543593,0,0.09,02_6810015,2,02_53,Washington, ,W 14TH ST,Municipal,Paved,2,40,5,0,0,0.00109522060945475
128422,543695,0,0.61,02_6813349,2,02_53,Washington,S500, ,State,Paved,4,88,2,7,0,0.00781494373815647
126599,543801,0,0.48,02_6816110,2,02_53,Washington, ,SE MILL PLAIN BLVD,Municipal,Paved,4,56,3,10,0,0.00606074006768364
128173,543501,0,0.18,02_6820227,2,02_53,Washington,I205, ,State,Paved,4,96,1,1,0,0.00179298752213153
128259,543856,0,0.32,02_6817696,2,02_53,Washington,I205, ,State,Paved,6,96,1,1,0,0.00295440617456241
126158,541134,0,0.02,02_6696763,2,02_41,Oregon, , ,Municipal,Paved,4,72,3,10,0,0.000146536754027912
126244,541121,0,0.12,02_6696669,2,02_41,Oregon, , ,Municipal,Paved,4,72,3,10,0,0.00139052532701984
126195,541080,0,0.06,02_6695675,2,02_41,Oregon, , ,Municipal,Paved,2,72,3,10,0,0.000778055544900119
122863,541195,0,0.3,02_6698405,2,02_41,Oregon,I5,PACIFIC HWY,State,Paved,7,88,1,1,0,0.00379610007985745
127867,542550,0,0.15,02_6771016,2,02_41,Oregon,I5,PACIFIC HWY,State,Paved,4,104,1,1,0,0.00138692706361592
127818,542495,0,0.04,02_6769838,2,02_41,Oregon,I5,PACIFIC HWY,State,Paved,4,104,1,1,0,0.000355046880135055
127781,542585,0,0.02,02_6771795,2,02_41,Oregon, ,VANCOUVER AVE,Municipal,Paved,2,40,4,8,0,0.000161944388231857
127240,542852,0,0.02,02_6779626,2,02_41,Oregon, ,GLISAN ST,Municipal,Paved,4,40,3,10,0,0.000291027744653071
126109,540868,0,0.16,02_6687846,2,02_41,Oregon, , ,Municipal,Paved,4,72,3,10,0,0.00180662262323913
127191,542804,0,0.31,02_6778296,2,02_41,Oregon,I205,E PORTLAND FRWY,State,Paved,6,88,1,1,0,0.00282572285561708
126785,543123,0,0.61,02_6789590,2,02_41,Oregon,U26,POWELL BLVD,State,Paved,4,56,3,10,0,0.00757131906254608
127383,542177,0,0.17,02_6762700,2,02_41,Oregon,S224,MILWAUKIE EXWY,State,Paved,4,88,2,7,0,0.00215852963706246
127377,542166,0,0.19,02_6762584,2,02_41,Oregon,S224,MILWAUKIE EXWY,State,Paved,4,88,2,7,0,0.00226361254761565
123298,542031,0,0.49,02_6758641,2,02_41,Oregon,S43,AV A,State,Paved,4,48,3,7,0,0.00627909673935695
127140,542272,0,0.15,02_6764976,2,02_41,Oregon,S43N,MACADAM AV,State,Paved,2,64,3,10,0,0.0013307275163163
127134,542268,0,0.01,02_6764880,2,02_41,Oregon,S43N,MACADAM AV,State,Paved,2,64,3,10,0,0.000127141754105084
127632,542417,0,0.02,02_6767839,2,02_41,Oregon, ,EVERETT ST,Municipal,Paved,2,72,4,8,0,0.000195023071382276
126885,543219,0,0.16,02_6792071,2,02_41,Oregon, , ,Municipal,Paved,4,72,3,10,0,0.00143717948622474
126891,543225,0,0.02,02_6792174,2,02_41,Oregon, , ,Municipal,Paved,4,56,3,10,0,0.000144014024626221
123049,542727,0,0.16,02_6775795,2,02_41,Oregon,I5,PACIFIC HWY,State,Paved,6,88,1,1,0,0.00146469909695326
123055,538107,0,0.3,02_6775900,2,02_41,Oregon,I5,PACIFIC HWY,State,Paved,6,88,1,1,0,0.0027204995549896
125468,540882,0,0.42,02_6690214,2,02_41,Oregon, ,CORNELL RD,Municipal,Paved,4,72,3,7,0,0.0038060125289918
125462,540926,0,0.06,02_6689868,2,02_41,Oregon, ,CORNELL RD,Municipal,Paved,5,40,3,7,0,0.000563705433241485
126642,542984,0,0.91,02_6783669,2,02_41,Oregon,S212,CARVER HWY,State,Paved,2,88,3,7,0,0.0115854121519393
128557,543897,0,0.01,02_6818579,2,02_53,Washington, ,NE FOURTH PLAIN BLVD,Municipal,Paved,4,64,3,10,0,0.00015443422817476
127483,542783,0,0.01,02_6777572,2,02_41,Oregon, ,GLISAN ST,Municipal,Paved,4,56,3,10,0,9.49995362446998E-05
123204,542403,0,0.24,02_6767747,2,02_41,Oregon, ,BROADWAY AV,Municipal,Paved,2,56,3,10,0,0.00214390218499348
123155,542387,0,0.07,02_6768485,2,02_41,Oregon,S99W,FRONT ST,State,Paved,2,72,4,0,0,0.000598145527176091
123198,542400,0,0.08,02_6767706,2,02_41,Oregon, ,EVERETT ST,Municipal,Paved,2,72,4,8,0,0.00101416006990189
127526,542673,0,0.53,02_6774324,2,02_41,Oregon,I5,PACIFIC HWY,State,Paved,6,88,1,1,0,0.00479109221239652
127034,543031,0,0.1,02_6786670,2,02_41,Oregon,I84,COLUMBIA RIVER HWY,State,Paved,6,104,1,1,0,0.00126901619358566
127532,542679,0,0.27,02_6774384,2,02_41,Oregon, ,KILLINGSWORTH ST,Municipal,Paved,2,72,4,0,0,0.00343415760267959
128024,543205,0,0.13,02_6791843,2,02_41,Oregon,U26,POWELL BLVD,State,Paved,4,56,3,10,0,0.00161148755513475
122855,541191,0,0.12,02_6698098,2,02_41,Oregon,S99W,BARBUR BLVD,State,Paved,2,88,3,10,0,0.00145965112338153
127183,542793,0,0.82,02_6778143,2,02_41,Oregon,S213,82ND AV,State,Paved,4,56,3,10,0,0.00741519042898186
127675,542354,0,0.1,02_6767043,2,02_41,Oregon,U26,POWELL BLVD,State,Paved,3,64,3,10,0,0.0012123446640183
126350,541384,0,0.01,02_6704737,2,02_41,Oregon,U26, ,State,Paved,3,56,4,0,0,0.000122268893689089
127432,542614,0,0.02,02_6772435,2,02_41,Oregon,S99E,GRAND AV,State,Paved,4,72,3,10,0,0.000204002294759965
127924,543162,0,0.83,02_6790436,2,02_41,Oregon, ,BURNSIDE RD,Municipal,Paved,4,72,3,7,0,0.0101386128845277
128514,543591,0,0.05,02_6810057,2,02_53,Washington, , ,Municipal,Paved,2,56,3,0,0,0.000607021214213664
126101,540856,0,0.05,02_6687485,2,02_41,Oregon, , ,Municipal,Paved,4,72,3,10,0,0.000561866405300561
123347,541654,0,2.05,02_6723969,2,02_53,Washington, ,NW LAKESHORE AV,Municipal,Paved,2,48,4,0,0,0.0186888219857848
128265,543725,0,1.48,02_6814337,2,02_53,Washington, ,NE HWY 99,Municipal,Paved,4,56,3,10,0,0.0141884763421302
126152,541129,0,0.03,02_6696711,2,02_41,Oregon, , ,Municipal,Paved,4,72,3,10,0,0.000349070040877545
126201,541085,0,0.05,02_6696032,2,02_41,Oregon, , ,Municipal,Paved,2,72,3,10,0,0.000506274377917444
127234,542828,0,0.23,02_6779571,2,02_41,Oregon, ,GLISAN ST,Municipal,Paved,4,64,3,10,0,0.00288014572362114
127775,542575,0,0.07,02_6771710,2,02_41,Oregon, , ,Municipal,Paved,2,40,3,10,0,0.000860057573881475
127824,542512,0,0.04,02_6769907,2,02_41,Oregon, ,BELMONT ST,Municipal,Paved,2,56,4,7,0,0.000420067822732058
122955,541412,0,0.14,02_6705269,2,02_41,Oregon,I405,STADIUM EXWY,State,Paved,4,104,1,1,0,0.0012193632808421
127283,543078,0,0.02,02_6788104,2,02_41,Oregon, ,AIRPORT WY,Municipal,Paved,2,40,3,8,0,0.000205352868290148
128365,543679,0,0.93,02_6812483,2,02_53,Washington, ,E MILL PLAIN BLVD,Municipal,Paved,4,56,3,10,0,0.0117681595136308
128316,543943,0,0.34,02_6820002,2,02_53,Washington, ,NE 83RD ST,Municipal,Paved,4,72,3,10,0,0.00428214734144572
125660,540831,0,1.18,02_6686954,2,02_41,Oregon,S210, ,State,Paved,2,88,4,0,0,0.0149312394374923
126307,541451,0,2.35,02_6706716,2,02_41,Oregon, ,FRONT AVE,Municipal,Paved,2,56,4,8,0,0.0282171260837158
125975,541316,0,0.38,02_6702843,2,02_41,Oregon, ,BURGARD ST,Municipal,Paved,2,40,4,8,0,0.00464727627397
123390,541485,0,0.38,02_6708156,2,02_41,Oregon, ,SWIFT HWY 120,Municipal,Paved,2,64,4,8,0,0.00402895777660173
127303,542061,0,0.36,02_6760126,2,02_41,Oregon,S99E,MCLOUGHLIN BLVD,State,Paved,6,72,3,7,0,0.00328242177174042
127635,542418,0,0.01,02_6767861,2,02_41,Oregon, ,GLISAN ST,Municipal,Paved,2,72,4,8,0,0.000172046919963126
123058,542746,0,0,02_6775938,2,02_41,Oregon,I5,PACIFIC HWY,State,Paved,6,88,1,1,0,3.66880728082422E-05
128299,543931,0,0.37,02_6819424,2,02_53,Washington, ,NE ANDRESEN RD,Municipal,Paved,4,56,3,10,0,0.00337210808633865
126046,540899,0,0.11,02_6689114,2,02_41,Oregon, ,CORNELL RD,Municipal,Paved,4,72,3,7,0,0.00137159288917151
126639,541997,0,0.61,02_6783522,2,02_41,Oregon,S212,CARVER HWY,State,Paved,2,88,3,7,0,0.00782322845351169
127967,543269,0,0.16,02_6793736,2,02_41,Oregon, , ,Municipal,Paved,2,56,3,10,0,0.00145823157700762
126948,541981,0,0.26,02_6756483,2,02_41,Oregon,S213,S CASCADE HWY,State,Paved,2,88,3,10,0,0.00242967718997035
125952,541023,0,0.38,02_6694465,2,02_41,Oregon,S210,SCHOLLS FERRY RD,State,Paved,4,64,3,10,0,0.00478389915204783
127612,542660,0,0.06,02_6774125,2,02_41,Oregon,U30  B,SANDY BLVD,State,Paved,3,72,3,10,0,0.000711960655249096
126284,541437,0,0.07,02_6705956,2,02_41,Oregon,U30, ,State,Paved,4,88,2,7,0,0.000617741043113467
127944,543235,0,0.34,02_6793097,2,02_41,Oregon,U30  P,SANDY BLVD,State,Paved,2,64,4,0,0,0.00422073567867366
127280,543071,0,0.07,02_6788085,2,02_41,Oregon, ,AIRPORT WY,Municipal,Paved,2,40,3,8,0,0.000848647434154738
126616,543503,0,1.23,02_6816703,2,02_53,Washington, ,NE ANDERSEN AV,Municipal,Paved,2,56,3,10,0,0.0113107505636656
128608,543864,0,0.18,02_6818413,2,02_53,Washington, ,NE FOURTH PLAIN BLVD,Municipal,Paved,4,64,3,10,0,0.00211567998209534
126069,540950,0,0.46,02_6691465,2,02_41,Oregon,U26,SUNSET HWY,State,Paved,4,88,2,7,0,0.00554283522897688
127065,543273,0,0.21,02_6794692,2,02_53,Washington,S14, ,State,Paved,4,88,2,7,0,0.00259215323612505
128276,543753,0,0.02,02_6814576,2,02_53,Washington,I5, ,State,Paved,8,96,1,1,0,0.000144392470680413
127349,542132,0,0.29,02_6761874,2,02_41,Oregon, ,S REDLAND RD,Municipal,Paved,2,72,4,0,0,0.00359073749203057
127681,542360,0,0.04,02_6767087,2,02_41,Oregon,U26,POWELL BLVD,State,Paved,4,64,3,10,0,0.000558474030647929
128013,543165,0,1.27,02_6791214,2,02_41,Oregon,I84,COLUMBIA RIVER HWY,State,Paved,6,104,1,1,0,0.0161573794568167
128345,543672,0,0.17,02_6812112,2,02_53,Washington, ,NE HWY 99,Municipal,Paved,4,64,3,10,0,0.00155573540211032
127017,542998,0,2.6,02_6785717,2,02_41,Oregon, ,SE SUNNYSIDE RD,Municipal,Paved,4,64,4,0,0,0.0307748849257269
123344,541655,0,1.76,02_6723769,2,02_53,Washington, ,NW LAKESHORE AV,Municipal,Paved,2,48,4,0,0,0.0171253128962915
127326,542092,0,0.4,02_6760815,2,02_41,Oregon,S99E,MCLOUGHLIN BLVD,State,Paved,4,48,3,10,0,0.00444273828210464
126330,541278,0,0.16,02_6701023,2,02_41,Oregon,S10,BEAVERTON-HILLSBORO HWY,State,Paved,4,48,3,10,0,0.0020461554977331
123367,541470,0,0.49,02_6707085,2,02_41,Oregon,U30  P,LOMBARD ST,State,Paved,2,56,4,0,0,0.00595979462239723
127658,542337,0,0.06,02_6766414,2,02_41,Oregon,I5,PACIFIC HWY,State,Paved,4,104,1,1,0,0.000556306890196704
127990,543049,0,0.15,02_6787351,2,02_41,Oregon, , ,Municipal,Paved,4,72,3,10,0,0.00196706629924432
128322,543948,0,0.05,02_6820089,2,02_53,Washington,I205, ,State,Paved,4,96,1,1,0,0.000564844523304266
126215,541095,0,0.1,02_6696153,2,02_41,Oregon, , ,Municipal,Paved,2,72,3,10,0,0.00116919669408199
126138,541181,0,0.22,02_6697923,2,02_41,Oregon,S10,BARBUR BLVD,State,Paved,2,88,3,7,0,0.00269198973084063
122966,541423,0,0,02_6705358,2,02_41,Oregon, ,GLISAN ST,Municipal,Paved,2,72,4,8,0,2.90166513999802E-05
127466,542762,0,0.07,02_6776601,2,02_41,Oregon,S99E,UNION AV,State,Paved,4,88,3,8,0,0.000708701092129347
127472,542767,0,0.78,02_6776884,2,02_41,Oregon,U30  P,LOMBARD ST,State,Paved,4,72,3,10,0,0.00975859041907175
126879,543542,0,0.13,02_6809411,2,02_53,Washington, ,C ST,Municipal,Paved,2,80,3,0,0,0.00125625776981256
125474,540932,0,0.09,02_6690327,2,02_41,Oregon, ,CORNELIUS PASS RD,Municipal,Paved,4,40,3,10,0,0.000893554171171622
122872,541203,0,0.83,02_6698914,2,02_41,Oregon,S43,COUNTRY CLUB RD,State,Paved,4,56,3,7,0,0.0103614271671342
126192,541076,0,0.09,02_6695646,2,02_41,Oregon, , ,Municipal,Paved,4,40,3,10,0,0.00111131331321809
122866,541201,0,0,02_6698448,2,02_41,Oregon,I5,PACIFIC HWY,State,Paved,6,88,1,1,0,5.70787702585442E-05
127495,542908,0,0.72,02_6781558,2,02_41,Oregon,U30  B,SANDY BLVD,State,Paved,3,72,3,10,0,0.00862873687506191
127489,542224,0,0.42,02_6777633,2,02_41,Oregon,I84,COLUMBIA RIVER HWY,State,Paved,6,104,1,1,0,0.00502411819725427
126161,541138,0,0.4,02_6696857,2,02_41,Oregon,I205,E PORTLAND FRWY,State,Paved,6,104,1,1,0,0.00494181007030783
128036,543211,0,0.36,02_6792052,2,02_41,Oregon, ,DIVISION ST,Municipal,Paved,2,56,3,10,0,0.00460738034678079
127420,542121,0,0.01,02_6761534,2,02_41,Oregon,I205,E PORTLAND FRWY,State,Paved,6,88,1,1,0,6.44047664229407E-05
126925,541919,0,3.95,02_6755047,2,02_41,Oregon,S99E,MCLOUGHLIN BLVD,State,Paved,4,64,3,10,0,0.0453349956982278
125428,541620,0,3.76,02_6722524,2,02_41,Oregon, ,MARINE DR,Municipal,Paved,4,56,4,8,0,0.0443989515042016
127589,542630,0,0.58,02_6773425,2,02_41,Oregon,U30  B,SANDY BLVD,State,Paved,3,72,3,10,0,0.00699715903878231
126261,541361,0,0.08,02_6703926,2,02_41,Oregon,U26, ,State,Paved,2,80,4,0,0,0.0010309108890535
128253,543829,0,0.93,02_6817603,2,02_53,Washington, ,NE 112TH AV,Municipal,Paved,4,56,3,10,0,0.00903868586403447
126092,540849,0,0.21,02_6687284,2,02_41,Oregon, , ,Municipal,Paved,2,72,3,10,0,0.00232991154823756
128182,543502,0,0.47,02_6820535,2,02_53,Washington,S503,NE 117TH AV,State,Paved,4,88,2,7,0,0.004253214491695
126238,541119,0,0.04,02_6696617,2,02_41,Oregon, , ,Municipal,Paved,3,72,3,10,0,0.000467645604564928
127443,542625,0,0.2,02_6772619,2,02_41,Oregon,S99E,MCLOUGHLIN BLVD,State,Paved,6,72,3,7,0,0.00226788184783144
127566,542879,0,0.65,02_6780687,2,02_41,Oregon, ,AIRTRANS RD,Municipal,Paved,2,48,4,8,0,0.00580608240474766
126779,541895,0,0.59,02_6789452,2,02_53,Washington, ,SE 164TH AV,Municipal,Paved,6,64,3,10,0,0.00532185153672017
128230,543827,0,0.22,02_6817023,2,02_53,Washington, ,SE MILL PLAIN BLVD,Municipal,Paved,4,56,3,10,0,0.00279715487163485
128328,543651,0,0.12,02_6811533,2,02_53,Washington, ,MAIN ST,Municipal,Paved,2,72,3,10,0,0.00113085863201277
126115,540857,0,0.16,02_6687946,2,02_41,Oregon, , ,Municipal,Paved,4,72,3,10,0,0.00192620044630898
125451,540912,0,0.36,02_6689531,2,02_41,Oregon, ,CORNELL RD,Municipal,Paved,4,72,4,7,0,0.00323122928360422
126902,543227,0,0.69,02_6792543,2,02_41,Oregon, ,GLISAN ST,Municipal,Paved,2,64,3,10,0,0.00880548998186749
125969,541324,0,0.16,02_6702662,2,02_41,Oregon,U30  P,PHILADELPHIA AV,State,Paved,4,56,4,7,0,0.00185794947525225
123384,541482,0,0.14,02_6707959,2,02_41,Oregon,U30  P,LOMBARD ST,State,Paved,4,56,4,0,0,0.00175700611883567
127712,542316,0,0.19,02_6766278,2,02_41,Oregon,S43N,MACADAM AV,State,Paved,2,64,3,10,0,0.001737903679515
127641,542420,0,0.1,02_6768216,2,02_41,Oregon, ,HOYT ST,Municipal,Paved,2,48,5,8,0,0.00129632388659674
127890,542716,0,0.7,02_6775021,2,02_41,Oregon,S99E,UNION AV,State,Paved,4,48,3,10,0,0.00629220078762776
127558,542877,0,0.02,02_6780402,2,02_41,Oregon,I84,COLUMBIA RIVER HWY,State,Paved,6,104,1,1,0,0.000172678835180666
127297,543088,0,0.21,02_6788706,2,02_53,Washington,S14,LEWIS AND CLARK HWY,State,Paved,4,96,2,7,0,0.00262319483112576
128044,543135,0,0.02,02_6789688,2,02_41,Oregon, , ,Municipal,Paved,6,72,3,10,0,0.000145013929148215
128293,543916,0,0.13,02_6819277,2,02_53,Washington,S503,NE 117TH AV,State,Paved,4,88,2,7,0,0.00116517157381042
126965,543382,0,0.05,02_6802493,2,02_41,Oregon,I84,COLUMBIA RIVER HWY,State,Paved,6,104,1,1,0,0.000616882958571568
125637,540801,0,0.81,02_6684398,2,02_41,Oregon, ,SW STAFFORD RD,Municipal,Paved,2,56,4,0,0,0.00730013926641386
127403,542104,0,0.04,02_6761025,2,02_41,Oregon,I205,E PORTLAND FRWY,State,Paved,6,88,1,1,0,0.000444146541342073
127606,542652,0,0.23,02_6773727,2,02_41,Oregon,I84,COLUMBIA RIVER HWY,State,Paved,6,104,1,1,0,0.00290812682053235
126278,541440,0,0.09,02_6705888,2,02_41,Oregon,U30, ,State,Paved,4,88,2,7,0,0.00108879524299444
123075,542758,0,0.01,02_6776478,2,02_41,Oregon,I5,PACIFIC HWY,State,Paved,6,104,1,1,0,4.97395251251624E-05
128245,543843,0,0.15,02_6817199,2,02_53,Washington, ,SE CHKALOV DR,Municipal,Paved,2,72,4,0,0,0.00145820869916283
126622,543820,0,0.05,02_6816921,2,02_53,Washington,S500, ,State,Paved,5,88,2,7,0,0.000570320415417354
126610,543814,0,0,02_6816298,2,02_53,Washington,S500, ,State,Paved,5,88,2,7,0,2.64763323310819E-05
126075,540956,0,0.03,02_6691810,2,02_41,Oregon, ,185TH AV,Municipal,Paved,5,40,3,10,0,0.000267187668356266
127950,543252,0,0.23,02_6793218,2,02_41,Oregon,I84,COLUMBIA RIVER HWY,State,Paved,6,104,1,1,0,0.00294893780270907
128577,543914,0,0.03,02_6819242,2,02_53,Washington,S500, ,State,Paved,5,88,2,7,0,0.000301832779913103
128399,543772,0,0.23,02_6815300,2,02_53,Washington,I205, ,State,Paved,4,96,1,1,0,0.0024816723679186
128282,543756,0,0.14,02_6814976,2,02_53,Washington,I205, ,State,Paved,4,96,1,1,0,0.00145145004666988
125935,541015,0,0.42,02_6693912,2,02_41,Oregon, ,SW BOONES FERRY RD,Municipal,Paved,4,40,4,0,0,0.00532146534801453
126184,541063,0,0.2,02_6695447,2,02_41,Oregon,S10,BARBUR BLVD,State,Paved,2,88,3,7,0,0.00226762205067313
122935,541251,0,0.04,02_6699754,2,02_41,Oregon, ,BROADWAY,Municipal,Paved,4,72,3,0,0,0.000384219631279252
126267,541370,0,0.16,02_6704428,2,02_41,Oregon,U30,ST HELENS RD,State,Paved,2,72,4,0,0,0.00199032571900818
125434,540099,0,0.08,02_6723363,2,02_41,Oregon, ,SWIFT HWY 120,Municipal,Paved,2,64,4,8,0,0.000746036738518184
123267,542029,0,0.11,02_6760064,2,02_41,Oregon,S99E,MCLOUGHLIN BLVD,State,Paved,5,72,3,7,0,0.00106654520933725
126762,543082,0,0.98,02_6788852,2,02_53,Washington,S14,LEWIS AND CLARK HWY,State,Paved,4,96,2,7,0,0.0122140745140958
128591,543868,0,0.28,02_6817882,2,02_53,Washington,S500, ,State,Paved,4,88,2,7,0,0.00356953010181835
125923,541001,0,0.58,02_6693385,2,02_41,Oregon, ,SW BOONES FERRY RD,Municipal,Paved,2,72,4,0,0,0.00526555265559854
127595,542643,0,0.06,02_6773529,2,02_41,Oregon, ,39TH AV,Municipal,Paved,2,72,3,10,0,0.000533613805340629
123181,542234,0,0.22,02_6767242,2,02_41,Oregon,S99E,UNION AV,State,Paved,4,48,3,7,0,0.00199020769123554
127844,542525,0,0.08,02_6770407,2,02_41,Oregon, ,MORRISON ST,Municipal,Paved,3,72,3,7,0,0.00103817256308304
127758,542535,0,0.23,02_6771201,2,02_41,Oregon,S99E,UNION AV,State,Paved,4,48,3,10,0,0.0020910486710904
127263,542857,0,0.73,02_6780300,2,02_41,Oregon, , ,Municipal,Paved,4,72,3,10,0,0.0091014040997696
127512,542931,0,0.02,02_6782177,2,02_41,Oregon, ,ALDERWOOD RD,Municipal,Paved,2,56,5,8,0,0.000195023068386395
126121,541159,0,0.09,02_6697430,2,02_41,Oregon,S217,BEAVERTON-TIGARD HWY,State,Paved,4,88,2,7,0,0.00109600382430976
126232,541115,0,0.01,02_6696563,2,02_41,Oregon, , ,Municipal,Paved,3,72,3,10,0,0.000166531785214081
127117,542245,0,0.34,02_6764373,2,02_41,Oregon,S43,MACADAM AV,State,Paved,2,56,3,10,0,0.00330426372340022
127449,542627,0,0.7,02_6773106,2,02_41,Oregon,U26,POWELL BLVD,State,Paved,4,56,3,10,0,0.00892302651133766
126908,543242,0,0.01,02_6792925,2,02_41,Oregon, , ,Municipal,Paved,4,40,3,10,0,7.53924603700028E-05
127203,542816,0,0.17,02_6778780,2,02_41,Oregon, ,DIVISION ST,Municipal,Paved,4,40,5,0,0,0.00222130629260592
127904,542732,0,0.01,02_6775663,2,02_41,Oregon,I5,PACIFIC HWY,State,Paved,6,88,1,1,0,0.000132382062051137
128531,543606,0,0.54,02_6810285,2,02_53,Washington,S14,LEWIS AND CLARK HWY,State,Paved,4,96,2,7,0,0.0067219949496621
126871,543540,0,0.12,02_6809002,2,02_53,Washington,S14,LEWIS AND CLARK HWY,State,Paved,5,88,2,7,0,0.00138188118692835
128236,543831,0,0.23,02_6817085,2,02_53,Washington,I205, ,State,Paved,7,96,1,1,0,0.00232316841067187
128445,543505,0,0.67,02_6814124,2,02_53,Washington, ,NW 78TH ST,Municipal,Paved,4,56,3,10,0,0.00857636835738185
125445,540909,0,0.11,02_6689271,2,02_41,Oregon, , ,Municipal,Paved,4,72,3,0,0,0.00127006785868988
126132,541155,0,0.69,02_6697552,2,02_41,Oregon,I5,PACIFIC HWY,State,Paved,6,88,1,1,0,0.00624507693443239
126221,541105,0,0.08,02_6696194,2,02_41,Oregon, , ,Municipal,Paved,3,72,3,10,0,0.000870324841533053
122883,541208,0,0.04,02_6699324,2,02_41,Oregon,I5,PACIFIC HWY,State,Paved,6,104,1,1,0,0.000447965880243216
125883,541307,0,0.01,02_6701861,2,02_41,Oregon,S217,BEAVERTON-TIGARD HWY,State,Paved,4,88,2,7,0,0.000116275903898923
127460,542629,0,0.36,02_6773385,2,02_41,Oregon,I84,COLUMBIA RIVER HWY,State,Paved,6,104,1,1,0,0.00422795169714267
123221,542282,0,0.05,02_6765187,2,02_41,Oregon,I405,EXIT,State,Paved,6,104,1,1,0,0.00067898288591818
127057,543286,0,0.47,02_6794254,2,02_53,Washington,S14, ,State,Paved,4,88,2,7,0,0.00584886619553188
128391,543728,0,0.08,02_6815152,2,02_53,Washington,I205, ,State,Paved,4,96,1,1,0,0.000945666543369961
123227,542300,0,0.04,02_6765600,2,02_41,Oregon,S99W,FRONT ST,State,Paved,4,72,4,0,0,0.000399662004355811
127798,542583,0,0.18,02_6771944,2,02_41,Oregon, ,BROADWAY,Municipal,Paved,3,56,3,8,0,0.00227502569310428
127804,542578,0,0.22,02_6772327,2,02_41,Oregon, ,WEIDLER ST,Municipal,Paved,2,56,3,10,0,0.00280703821139927
127211,542823,0,0.04,02_6778846,2,02_41,Oregon, ,DIVISION ST,Municipal,Paved,4,40,3,10,0,0.000509038810872824
127549,542696,0,0.28,02_6774863,2,02_41,Oregon,I5,PACIFIC HWY,State,Paved,6,88,1,1,0,0.00250144178927186
128385,543707,0,0.16,02_6813254,2,02_53,Washington,S500, ,State,Paved,4,88,2,7,0,0.00203382043175052
125983,541340,0,0.45,02_6703272,2,02_41,Oregon,U26,SUNSET HWY,State,Paved,6,88,2,7,0,0.00565898772576041
127704,542327,0,0.02,02_6766202,2,02_41,Oregon,U26,POWELL BLVD,State,Paved,3,64,3,10,0,0.000243666318963546
127698,542324,0,0.01,02_6765831,2,02_41,Oregon,U26E,POWELL BLVD,State,Paved,2,64,4,0,0,0.000179610921212357
126370,541405,0,0.01,02_6705185,2,02_41,Oregon,U30  B,BURNSIDE ST,State,Paved,4,80,4,10,0,0.000148061013091252
127163,542961,0,0.03,02_6783030,2,02_41,Oregon,U30  P,SANDY BLVD,State,Paved,5,72,3,10,0,0.000339513234888438
127157,542957,0,0.01,02_6782609,2,02_41,Oregon,U30  P,COLUMBIA BLVD,State,Paved,5,72,3,8,0,0.00017523255763836
126862,543549,0,0,02_6808900,2,02_53,Washington,I5, ,State,Paved,6,104,1,1,0,7.80994400718759E-06
128485,543571,0,0.17,02_6809487,2,02_53,Washington, ,W 16TH ST,Municipal,Paved,2,56,3,0,0,0.00223703217524819
128491,543575,0,0.18,02_6809579,2,02_53,Washington,S501,NW NEW LOWER RIVER RD,State,Paved,2,48,3,8,0,0.00225505148835993
125196,541596,0,2.61,02_6720219,2,02_41,Oregon,U30, ,State,Paved,4,64,3,7,0,0.02796651426343
126178,540994,0,0.22,02_6697378,2,02_41,Oregon,I5,PACIFIC HWY,State,Paved,8,88,1,1,0,0.00195025654242397
126175,540993,0,0.12,02_6697340,2,02_41,Oregon,S217,BEAVERTON-TIGARD HWY,State,Paved,4,88,2,7,0,0.00127482850611259
122929,541219,0,0.55,02_6699625,2,02_41,Oregon,S10,CAPITOL HWY,State,Paved,3,72,3,10,0,0.00675122571462073
127752,542560,0,0.03,02_6771146,2,02_41,Oregon, , ,Municipal,Paved,2,40,3,10,0,0.000405001290696871
123175,542365,0,0.05,02_6767180,2,02_41,Oregon,S99E,GRAND AV,State,Paved,4,72,3,7,0,0.0004500400876114
127257,542862,0,0.13,02_6780183,2,02_41,Oregon,I205,E PORTLAND FRWY,State,Paved,7,88,1,1,0,0.0011614073040995
127503,542922,0,0.06,02_6781757,2,02_41,Oregon, ,COLUMBIA BLVD,Municipal,Paved,2,40,3,8,0,0.000808582592594171
127506,542926,0,0.06,02_6781780,2,02_41,Oregon, ,COLUMBIA BLVD,Municipal,Paved,2,40,3,8,0,0.000726230804474896
128339,543667,0,0.13,02_6811697,2,02_53,Washington, , ,Municipal,Paved,4,88,2,0,0,0.00161988745610714
128585,543790,0,0.22,02_6817764,2,02_53,Washington, ,NE FOURTH PLAIN BLVD,Municipal,Paved,4,48,3,10,0,0.00260356195398178
125929,541000,0,0.71,02_6693836,2,02_41,Oregon,I5,PACIFIC HWY,State,Paved,6,104,1,1,0,0.00663044096233424
126324,541272,0,0.35,02_6700651,2,02_41,Oregon,S217,BEAVERTON-TIGARD HWY,State,Paved,4,88,2,7,0,0.00310928123066627
123373,541452,0,1.4,02_6707213,2,02_41,Oregon,U30  P,LOMBARD ST,State,Paved,2,56,4,0,0,0.0170509264701099
127357,542146,0,0.39,02_6762320,2,02_41,Oregon,I205,E PORTLAND FRWY,State,Paved,6,88,1,1,0,0.00357082816319239
127111,542244,0,0.28,02_6764255,2,02_41,Oregon,I5,PACIFIC HWY,State,Paved,6,88,1,1,0,0.00287749222527112
127652,542427,0,0.24,02_6768328,2,02_41,Oregon, ,MORRISON BRIDGE,Municipal,Paved,3,56,4,0,0,0.00294355005025832
127898,542722,0,0.2,02_6775536,2,02_41,Oregon,S99E,UNION AV,State,Paved,4,48,3,10,0,0.00180911027826985
126865,543551,0,0.19,02_6808929,2,02_53,Washington, ,WASHINGTON ST,Municipal,Paved,4,88,2,0,0,0.00183948174566848
128439,543722,0,0.07,02_6813655,2,02_53,Washington,S500, ,State,Paved,4,88,2,7,0,0.00082635354226663
126029,540829,0,0.6,02_6688142,2,02_41,Oregon, ,MURRAY BLVD,Municipal,Paved,4,72,3,10,0,0.00540624003162052
126129,541172,0,0.24,02_6697486,2,02_41,Oregon,I5,PACIFIC HWY,State,Paved,6,88,1,1,0,0.00216105558841367
126224,541106,0,0.03,02_6696213,2,02_41,Oregon, , ,Municipal,Paved,3,72,3,10,0,0.000345028965018452
125892,541313,0,0.61,02_6702355,2,02_41,Oregon,U30,ST HELENS RD,State,Paved,4,72,3,7,0,0.00634351210983062
125963,541323,0,0.05,02_6702532,2,02_41,Oregon, ,BURGARD RD,Municipal,Paved,2,40,4,8,0,0.000507326423656289
127386,542179,0,0.03,02_6763008,2,02_41,Oregon,S213,82ND AV,State,Paved,3,88,3,10,0,0.000299392816494783
127884,542704,0,0.04,02_6774971,2,02_41,Oregon,U30  P,LOMBARD ST,State,Paved,4,56,4,0,0,0.000463004102462867
128548,543616,0,0.05,02_6810810,2,02_53,Washington,I5, ,State,Paved,6,96,1,1,0,0.000525818613444923
128382,543517,0,0.23,02_6813208,2,02_53,Washington, ,GRAND BLVD RD,Municipal,Paved,2,56,3,10,0,0.0024123097792853
125465,540931,0,0.01,02_6690193,2,02_41,Oregon, ,CORNELIUS PASS RD,Municipal,Paved,5,40,3,10,0,0.000106065630074653
128050,543140,0,0.02,02_6789781,2,02_41,Oregon, , ,Municipal,Paved,6,72,3,10,0,0.000164003079457636
126888,543222,0,0.02,02_6792138,2,02_41,Oregon, , ,Municipal,Paved,4,72,3,10,0,0.000154847171330314
127409,542100,0,0.36,02_6761071,2,02_41,Oregon,I205,E PORTLAND FRWY,State,Paved,6,88,1,1,0,0.00433678848968467
126247,541348,0,0.55,02_6703732,2,02_41,Oregon,U26,SUNSET HWY,State,Paved,7,88,2,7,0,0.00621214996069388
122952,541374,0,0.09,02_6705239,2,02_41,Oregon,I405,STADIUM EXWY,State,Paved,4,104,1,1,0,0.000829915582065686
127741,542487,0,0.08,02_6769630,2,02_41,Oregon, ,BROADWAY AV,Municipal,Paved,4,72,3,8,0,0.00089593271759432
127243,542848,0,0.04,02_6779659,2,02_41,Oregon, ,GLISAN ST,Municipal,Paved,4,40,3,10,0,0.000538044766580699
127907,542664,0,0.35,02_6775692,2,02_41,Oregon,I5,PACIFIC HWY,State,Paved,6,88,1,1,0,0.00314527662025825
128239,543841,0,0.03,02_6817129,2,02_53,Washington,I205, ,State,Paved,7,96,1,1,0,0.00031762779471413
128405,543729,0,0.95,02_6815426,2,02_53,Washington, ,NE HWY 99,Municipal,Paved,4,56,3,10,0,0.00883885211054904
127337,542129,0,0.04,02_6761636,2,02_41,Oregon,S213,S CASCADE HWY,State,Paved,3,72,3,10,0,0.00033313865836451
126012,541053,0,0.32,02_6695326,2,02_41,Oregon,S217,BEAVERTON-TIGARD HWY,State,Paved,4,88,2,7,0,0.00351918279335378
126341,541376,0,0.29,02_6704634,2,02_41,Oregon,U26,SUNSET HWY,State,Paved,7,88,2,7,0,0.00372406368978236
123258,542053,0,0.25,02_6759884,2,02_41,Oregon,S224,MILWAUKIE EXWY,State,Paved,4,88,2,7,0,0.00267615354778454
127672,542233,0,0.2,02_6766941,2,02_41,Oregon,S99E,MCLOUGHLIN BLVD,State,Paved,6,72,3,7,0,0.00214112389490611
127598,542647,0,0.32,02_6773596,2,02_41,Oregon,I84,COLUMBIA RIVER HWY,State,Paved,6,104,1,1,0,0.0034495149379573
128001,543060,0,0.16,02_6787797,2,02_41,Oregon, , ,Municipal,Paved,2,72,3,10,0,0.00203136108006144
127266,542858,0,0.02,02_6780344,2,02_41,Oregon,I84,COLUMBIA RIVER HWY,State,Paved,6,104,1,1,0,0.000157622653762038
128431,543716,0,0,02_6813572,2,02_53,Washington, ,NE ST JAMES RD RD,Municipal,Paved,2,56,3,10,0,2.40834227055635E-05
128262,543733,0,0.85,02_6814284,2,02_53,Washington, ,NE HWY 99,Municipal,Paved,4,56,3,10,0,0.00813625727325449
123281,538103,0,1.39,02_6757521,2,02_41,Oregon,I205,E PORTLAND FRWY,State,Paved,4,104,1,1,0,0.0164670828676426
125986,540805,0,2.95,02_6703341,2,02_41,Oregon,S10,BEAVERTON HWY,State,Paved,4,72,3,10,0,0.0368534961466777
126318,541273,0,0.08,02_6700581,2,02_41,Oregon,S10,BEAVERTON-HILLSBORO HWY,State,Paved,4,48,3,10,0,0.00101801820586679
127080,542182,0,0.04,02_6763188,2,02_41,Oregon,I205,E PORTLAND FRWY,State,Paved,6,88,1,1,0,0.000363373225948648
126367,541404,0,0.01,02_6705155,2,02_41,Oregon,I405,STADIUM EXWY,State,Paved,4,104,1,1,0,7.38242944666822E-05
127621,542407,0,0.13,02_6767760,2,02_41,Oregon, ,EVERETT ST,Municipal,Paved,2,72,4,8,0,0.00163827498245237
127031,543029,0,0.02,02_6786312,2,02_41,Oregon, , ,Municipal,Paved,3,72,3,10,0,0.000213021565574177
123072,542757,0,0,02_6776422,2,02_41,Oregon,I5,PACIFIC HWY,State,Paved,6,104,1,1,0,2.28032951407217E-05
128027,543207,0,0.26,02_6791888,2,02_41,Oregon,U26,POWELL BLVD,State,Paved,4,56,3,10,0,0.00332027436792159
123381,538100,0,1.35,02_6707474,2,02_41,Oregon, ,GREELEY AV,Municipal,Paved,2,56,4,8,0,0.014178458763864
122972,541427,0,0.3,02_6705716,2,02_41,Oregon, ,YEON AV,Municipal,Paved,4,88,2,7,0,0.00284306336697327
123215,542280,0,0.13,02_6765120,2,02_41,Oregon, , ,Municipal,Paved,2,56,3,10,0,0.00143869548898933
127715,542333,0,0.02,02_6766318,2,02_41,Oregon,U26,POWELL BLVD,State,Paved,3,40,3,10,0,0.000269818077523992
127223,542836,0,0.13,02_6779075,2,02_41,Oregon, ,GLISAN ST,Municipal,Paved,4,64,3,10,0,0.0016830670533841
127217,542834,0,0.16,02_6778943,2,02_41,Oregon,S213,82ND AV,State,Paved,4,56,3,10,0,0.00148326848167708
123144,542439,0,0.02,02_6768390,2,02_41,Oregon,I5,PACIFIC HWY,State,Paved,6,104,1,1,0,0.000170261307192529
127051,543283,0,1.53,02_6794067,2,02_53,Washington, , ,Municipal,Paved,4,64,3,10,0,0.0140457018791718
126559,544063,0,0.71,02_6823087,2,02_53,Washington, , ,Municipal,Paved,4,72,3,10,0,0.00890548351416993
127294,543089,0,0.03,02_6788679,2,02_53,Washington,I205, ,State,Paved,8,96,1,1,0,0.000279247368668268
128474,543646,0,0.33,02_6811369,2,02_53,Washington,I5, ,State,Paved,6,96,1,1,0,0.0029300518192666
127317,542087,0,0.06,02_6760427,2,02_41,Oregon,S43,WILLAMETTE DR,State,Paved,2,40,3,7,0,0.000581929622597445
127366,542156,0,0.11,02_6762407,2,02_41,Oregon,I205,E PORTLAND FRWY,State,Paved,6,88,1,1,0,0.00102614727518627
127692,542275,0,0.08,02_6765743,2,02_41,Oregon,S99W,FRONT ST,State,Paved,2,72,4,0,0,0.00076089040543415
127858,542539,0,0.12,02_6770566,2,02_41,Oregon,I5,PACIFIC HWY,State,Paved,4,104,1,1,0,0.00108381605651133
127864,542548,0,0.05,02_6770954,2,02_41,Oregon,I84,COLUMBIA RIVER HWY,State,Paved,6,104,1,1,0,0.000570559963809968
127815,542492,0,0.06,02_6769812,2,02_41,Oregon, ,BROADWAY,Municipal,Paved,3,72,3,8,0,0.000713999852422376
127151,542942,0,0.01,02_6782548,2,02_41,Oregon,U30  P,COLUMBIA BLVD,State,Paved,5,72,3,8,0,0.000139430606564084
128356,543512,0,0.22,02_6812289,2,02_53,Washington, ,NE 78TH ST,Municipal,Paved,2,56,3,10,0,0.00286706993485097
125651,540821,0,0,02_6686312,2,02_41,Oregon,S10,FARMINGTON RD,State,Paved,2,64,4,0,0,5.05960967217818E-05
126653,542976,0,1.65,02_6784521,2,02_41,Oregon, ,SE 142ND AVE,Municipal,Paved,2,72,4,0,0,0.0149479328611273
127200,542811,0,0.08,02_6778710,2,02_41,Oregon,U26,POWELL BLVD,State,Paved,5,56,3,10,0,0.000967921420961712
127194,542808,0,0.03,02_6778651,2,02_41,Oregon,I205,E PORTLAND FRWY,State,Paved,6,88,1,1,0,0.000242032826009538
127343,542134,0,0.35,02_6761774,2,02_41,Oregon,S213,S CASCADE HWY,State,Paved,2,88,3,10,0,0.00343007055190753
125920,540996,0,1.33,02_6693236,2,02_41,Oregon,S99W,W PACIFIC HWY,State,Paved,2,88,3,7,0,0.0122826014539114
123264,542059,0,0.02,02_6760038,2,02_41,Oregon, , ,Municipal,Paved,4,88,2,10,0,0.000268153173444658
123187,542372,0,0.17,02_6767324,2,02_41,Oregon,U26,POWELL BLVD,State,Paved,4,64,3,10,0,0.00213533124553648
127100,542199,0,0.44,02_6763930,2,02_41,Oregon,I205,E PORTLAND FRWY,State,Paved,6,88,1,1,0,0.00443383506183004
127174,542790,0,0.28,02_6777822,2,02_41,Oregon,I84,COLUMBIA RIVER HWY,State,Paved,6,104,1,1,0,0.00321344751118163
127764,542506,0,0.55,02_6771266,2,02_41,Oregon,U30  B,BURNSIDE ST,State,Paved,3,48,3,10,0,0.00710104382022149
127835,542508,0,0.24,02_6770311,2,02_41,Oregon, ,MORRISON ST,Municipal,Paved,4,72,3,7,0,0.00303253743157898
127933,543178,0,0.26,02_6790925,2,02_41,Oregon,U30  P,SANDY BLVD,State,Paved,2,72,3,10,0,0.00331118341252092
128007,543187,0,0.17,02_6791052,2,02_41,Oregon, , ,Municipal,Paved,6,72,3,10,0,0.00150316488761778
128425,543700,0,0.39,02_6813441,2,02_53,Washington, ,NE ST JOHNS RD RD,Municipal,Paved,4,56,3,10,0,0.00353100753265568
128597,543881,0,0.08,02_6817985,2,02_53,Washington,S500, ,State,Paved,4,88,2,7,0,0.00100418163689152
125943,541019,0,0.19,02_6694022,2,02_41,Oregon, ,SW NYBERG ST,Municipal,Paved,4,40,4,0,0,0.00238202725913449
125992,541034,0,0.03,02_6694599,2,02_41,Oregon,S210,SCHOLLS FERRY RD,State,Paved,4,56,4,10,0,0.000290037542801588
125869,541294,0,0.88,02_6701304,2,02_41,Oregon,U26,SUNSET HWY,State,Paved,6,88,2,7,0,0.0106132343530567
123287,542022,0,0.05,02_6757768,2,02_41,Oregon,S43,STATE ST,State,Paved,4,56,3,7,0,0.000531301131471097
123238,542035,0,0.19,02_6758731,2,02_41,Oregon,S43,MACADAM AV,State,Paved,4,56,4,0,0,0.00169016482400895
126361,541398,0,0.02,02_6705099,2,02_41,Oregon,I405,STADIUM EXWY,State,Paved,4,104,1,1,0,0.000208062053809408
123164,542459,0,0.03,02_6768871,2,02_41,Oregon, ,GREELEY AV,Municipal,Paved,2,56,4,8,0,0.000297200629708465
127984,543044,0,1.09,02_6787119,2,02_41,Oregon, ,DIVISION ST,Municipal,Paved,4,64,3,10,0,0.0139782611618615
127025,543018,0,0.49,02_6786197,2,02_41,Oregon, ,DIVISION ST,Municipal,Paved,4,64,3,10,0,0.0062570837668085
128525,543601,0,0.17,02_6810174,2,02_53,Washington, ,MAIN ST,Municipal,Paved,2,40,3,10,0,0.00164808478122939
128574,543910,0,0.02,02_6819208,2,02_53,Washington,S500, ,State,Paved,5,88,2,7,0,0.000151327471942232
127392,542187,0,0.17,02_6763079,2,02_41,Oregon,S213,82ND AV,State,Paved,4,88,3,7,0,0.00156397732351064
127380,542169,0,0.04,02_6762607,2,02_41,Oregon,S224,MILWAUKIE EXWY,State,Paved,4,88,2,7,0,0.000439693603608687
127131,542257,0,0.08,02_6764861,2,02_41,Oregon,S43N,MACADAM AV,State,Paved,2,64,3,10,0,0.000695414260493933
127629,542412,0,0.02,02_6767820,2,02_41,Oregon,U30  B,BURNSIDE ST,State,Paved,3,72,3,10,0,0.000250032238491933
127878,542709,0,0.01,02_6774930,2,02_41,Oregon,I5,PACIFIC HWY,State,Paved,6,88,1,1,0,7.50070111650211E-05
123052,542723,0,0.17,02_6775853,2,02_41,Oregon,S99E,UNION AV,State,Paved,4,88,3,8,0,0.00160242909934264
128305,543934,0,0.06,02_6819499,2,02_53,Washington,I205, ,State,Paved,4,96,1,1,0,0.000699265178891961
125222,541489,0,0.19,02_6708374,2,02_41,Oregon, ,MARINE DR,Municipal,Paved,4,64,4,8,0,0.00223656243509204
126633,542972,0,0.05,02_6783200,2,02_53,Washington,S14,LEWIS AND CLARK HWY,State,Paved,4,96,2,7,0,0.000630546960980103
126882,543543,0,0.37,02_6809445,2,02_53,Washington,I5, ,State,Paved,6,104,1,1,0,0.00377902760833232
128376,543691,0,0.81,02_6813062,2,02_53,Washington, ,E MILL PLAIN BLVD,Municipal,Paved,4,56,3,10,0,0.0103557909782783
125471,540925,0,0.08,02_6690303,2,02_41,Oregon,U26,SUNSET HWY,State,Paved,4,88,2,7,0,0.000933289285154125
128554,543895,0,0.15,02_6818536,2,02_53,Washington,I205, ,State,Paved,6,96,1,1,0,0.00140075746357814
126241,541124,0,0.07,02_6696647,2,02_41,Oregon, , ,Municipal,Paved,4,72,3,10,0,0.000790099324611599
122946,541255,0,0.16,02_6700174,2,02_41,Oregon, , ,Municipal,Paved,4,48,3,10,0,0.00200272618307326
127772,542574,0,0.08,02_6771681,2,02_41,Oregon, , ,Municipal,Paved,2,40,3,10,0,0.00101500803425139
122958,541419,0,0.01,02_6705292,2,02_41,Oregon, ,GLISAN ST,Municipal,Paved,2,72,4,8,0,0.000183000298122238
127735,542482,0,0.01,02_6769234,2,02_41,Oregon,I5,PACIFIC HWY,State,Paved,4,104,1,1,0,5.90339694312879E-05
127784,542593,0,0.01,02_6771827,2,02_41,Oregon, ,WEIDLER ST,Municipal,Paved,3,88,3,8,0,8.30067614134119E-05
127237,542851,0,0.03,02_6779604,2,02_41,Oregon,I205,E PORTLAND FRWY,State,Paved,6,88,1,1,0,0.000262221385532513
127274,543068,0,0.12,02_6788043,2,02_41,Oregon,U30  P,SANDY BLVD,State,Paved,2,56,3,10,0,0.00148047839179546
127286,543070,0,0.44,02_6788123,2,02_41,Oregon, ,AIRPORT WY,Municipal,Paved,2,40,3,8,0,0.00506158115707116
126112,540863,0,0.08,02_6687920,2,02_41,Oregon, , ,Municipal,Paved,4,72,3,10,0,0.00091142173278498
126788,543128,0,0.13,02_6789634,2,02_41,Oregon, , ,Municipal,Paved,6,72,3,10,0,0.00116902733893608
128411,543783,0,0.01,02_6815840,2,02_53,Washington,I205, ,State,Paved,4,96,1,1,0,0.000160078273783629
126931,541967,0,0.13,02_6755659,2,02_41,Oregon, ,MOLALLA AV,Municipal,Paved,2,72,4,0,0,0.00133690660322364
127180,542798,0,0.02,02_6778096,2,02_41,Oregon,U26,POWELL BLVD,State,Paved,4,56,3,10,0,0.000205999864334672
127094,542203,0,0.49,02_6763461,2,02_41,Oregon,S213,82ND AV,State,Paved,4,56,3,10,0,0.00436498157085452
126255,541355,0,0.21,02_6703869,2,02_41,Oregon,I405,STADIUM EXWY,State,Paved,6,104,1,1,0,0.00231401435735633
127927,543181,0,0.16,02_6790529,2,02_41,Oregon, , ,Municipal,Paved,2,72,3,10,0,0.00203899987030048
125422,541628,0,0.01,02_6722466,2,02_41,Oregon, ,MARINE DR,Municipal,Paved,2,56,4,8,0,0.000134212522655545
128505,543568,0,0.59,02_6809997,2,02_53,Washington, ,MAIN ST,Municipal,Paved,2,40,3,10,0,0.00530112073108013
126098,540854,0,0.11,02_6687450,2,02_41,Oregon, , ,Municipal,Paved,4,72,3,10,0,0.00135505691343414
128176,543918,0,1.62,02_6820305,2,02_53,Washington, ,NE 72ND AVE,Municipal,Paved,2,80,4,0,0,0.0145760990522534
125863,541236,0,0.83,02_6701154,2,02_41,Oregon,S8,CANYON RD,State,Paved,2,88,3,10,0,0.0103422054846889
123244,542039,0,0.84,02_6759076,2,02_41,Oregon,S43,MACADAM AV,State,Paved,4,56,3,10,0,0.00792971888907927
127486,542786,0,0.09,02_6777602,2,02_41,Oregon,I84,COLUMBIA RIVER HWY,State,Paved,6,104,1,1,0,0.00109920357867751
123207,542283,0,0.18,02_6765014,2,02_41,Oregon,I405,STADIUM EXWY,State,Paved,6,104,1,1,0,0.00215317248405708
123158,542447,0,0.08,02_6768504,2,02_41,Oregon,U30  B,BURNSIDE ST,State,Paved,3,72,3,10,0,0.00100204105023439
123195,542397,0,0.08,02_6767684,2,02_41,Oregon, ,GLISAN ST,Municipal,Paved,2,72,4,8,0,0.00101416007306728
127535,542684,0,0,02_6774414,2,02_41,Oregon, ,GOING ST,Municipal,Paved,2,40,4,8,0,3.21400817333156E-05
127523,542939,0,0.22,02_6782378,2,02_41,Oregon,I205,E PORTLAND FRWY,State,Paved,7,88,1,1,0,0.00216028415647797
127572,542898,0,0.19,02_6780783,2,02_41,Oregon,U30 P, ,State,Paved,2,56,3,7,0,0.00171046255361636
125900,540972,0,0.54,02_6692138,2,02_41,Oregon,S10,FARMINGTON RD,State,Paved,4,56,3,10,0,0.00687574996843521
125912,540982,0,0.02,02_6692971,2,02_41,Oregon, ,MURRAY BLVD,Municipal,Paved,4,40,3,7,0,0.000212793285267168
128568,543860,0,0.2,02_6819081,2,02_53,Washington, ,NE FOURTH PLAIN BLVD,Municipal,Paved,4,64,3,10,0,0.00229745743482618
126304,541226,0,1.88,02_6706595,2,02_41,Oregon,U30,ST HELENS RD,State,Paved,2,72,4,0,0,0.0197383342211066
126055,540936,0,0.3,02_6690456,2,02_41,Oregon, ,CORNELIUS PASS RD,Municipal,Paved,4,72,3,10,0,0.00295485542587074
126298,541465,0,0.02,02_6706539,2,02_41,Oregon,U30,ST HELENS RD,State,Paved,4,72,3,7,0,0.000268774749567104
127721,542470,0,0.01,02_6769018,2,02_41,Oregon,I405, ,State,Paved,6,104,1,1,0,8.26626185572764E-05
123393,538082,0,0.31,02_6708253,2,02_41,Oregon,I5,PACIFIC HWY,State,Paved,6,88,1,1,0,0.00291294466339101
126547,544056,0,0.31,02_6822536,2,02_53,Washington, ,SE MILL PLAIN BLVD,Municipal,Paved,6,64,3,10,0,0.00399254967850471
128462,543626,0,0.2,02_6810944,2,02_53,Washington,I5, ,State,Paved,6,96,1,1,0,0.00181335728381307
128468,543635,0,0.09,02_6811016,2,02_53,Washington, ,E FOURTH PLAIN BLVD,Municipal,Paved,4,48,3,10,0,0.00115678221097955
126049,540901,0,0.83,02_6689152,2,02_41,Oregon,S8,TUALATIN VALLEY HWY,State,Paved,2,64,3,7,0,0.0105889528041312
127970,543228,0,0.44,02_6793755,2,02_41,Oregon,I84,COLUMBIA RIVER HWY,State,Paved,6,104,1,1,0,0.00552261424738317
127329,542093,0,0.13,02_6760860,2,02_41,Oregon,I205,E PORTLAND FRWY,State,Paved,6,88,1,1,0,0.00157978462095095
126155,541131,0,0.05,02_6696736,2,02_41,Oregon, , ,Municipal,Paved,4,72,3,10,0,0.000505912339161555
126149,541126,0,0.1,02_6696682,2,02_41,Oregon, , ,Municipal,Paved,4,72,3,10,0,0.00112157472146225
126204,541089,0,0.02,02_6696051,2,02_41,Oregon, , ,Municipal,Paved,2,72,3,10,0,0.000236839164422166
126198,541082,0,0.08,02_6695719,2,02_41,Oregon, , ,Municipal,Paved,2,72,3,10,0,0.000972874477051772
127827,542383,0,0.02,02_6769937,2,02_41,Oregon, ,BELMONT ST,Municipal,Paved,2,72,4,7,0,0.000233225683530533
126696,541892,0,1.83,02_6828333,2,02_53,Washington,S500,NE 58TH ST,State,Paved,2,80,4,0,0,0.0186323071872448
127870,542552,0,0.08,02_6771048,2,02_41,Oregon,I5,PACIFIC HWY,State,Paved,4,104,1,1,0,0.00074001536061151
127821,542497,0,0.16,02_6769872,2,02_41,Oregon,I5,PACIFIC HWY,State,Paved,4,104,1,1,0,0.00169260333315012
128362,543678,0,0.89,02_6812402,2,02_53,Washington,S14,LEWIS AND CLARK HWY,State,Paved,4,96,2,7,0,0.0113814183380692
128368,543680,0,0.48,02_6812555,2,02_53,Washington, ,GRAND BLVD,Municipal,Paved,2,48,3,10,0,0.00429607734847518
128319,543947,0,0.05,02_6820067,2,02_53,Washington, ,NE 83RD ST,Municipal,Paved,4,72,3,10,0,0.000641259245163983
125663,540834,0,0.14,02_6687045,2,02_41,Oregon,S210,SCHOLLS FERRY RD,State,Paved,2,64,3,10,0,0.00176584089589995
126006,541046,0,0.9,02_6694878,2,02_41,Oregon,S217,BEAVERTON-TIGARD HWY,State,Paved,4,88,2,7,0,0.0104991244528048
127678,542358,0,0.03,02_6767062,2,02_41,Oregon,S99E,MCLOUGHLIN BLVD,State,Paved,4,56,3,7,0,0.000267277057284587
126347,541386,0,0.03,02_6704703,2,02_41,Oregon,U26, ,State,Paved,3,56,4,7,0,0.000361115908220918
127429,542608,0,0.06,02_6772410,2,02_41,Oregon, ,BROADWAY,Municipal,Paved,3,56,3,10,0,0.000811074530407254
127921,543173,0,0.08,02_6790411,2,02_41,Oregon, , ,Municipal,Paved,6,72,3,0,0,0.00069626781785595
128511,543594,0,0.08,02_6810034,2,02_53,Washington, ,W 15TH ST,Municipal,Paved,3,40,3,0,0,0.00105801682326888
128170,543955,0,0.07,02_6820178,2,02_53,Washington, ,NE 83RD ST,Municipal,Paved,4,72,3,10,0,0.000850042698723514
127088,542196,0,0.02,02_6763346,2,02_41,Oregon,I205,E PORTLAND FRWY,State,Paved,6,88,1,1,0,0.000191658745532413
123350,541657,0,0.53,02_6724143,2,02_53,Washington, ,NW LAKESHORE AV,Municipal,Paved,2,56,4,0,0,0.00482144476342693
125955,541022,0,0.61,02_6694522,2,02_41,Oregon,S217,BEAVERTON-TIGARD HWY,State,Paved,4,88,2,7,0,0.00628386428658466
125414,541592,0,1.36,02_6722149,2,02_41,Oregon,U30, ,State,Paved,4,64,3,7,0,0.0149195985307865
123250,542040,0,0.92,02_6759356,2,02_41,Oregon,S99E,MCLOUGHLIN BLVD,State,Paved,4,64,3,10,0,0.00924125364120772
123152,542428,0,0.08,02_6768454,2,02_41,Oregon,S99W,FRONT ST,State,Paved,2,72,4,0,0,0.000761267638088573
123201,542393,0,0.08,02_6767725,2,02_41,Oregon, ,GLISAN ST,Municipal,Paved,2,72,4,8,0,0.00101715907654421
127529,542681,0,0.1,02_6774350,2,02_41,Oregon, ,GOING ST,Municipal,Paved,4,64,4,8,0,0.00133259003874046
127037,543032,0,0.15,02_6786715,2,02_41,Oregon, , ,Municipal,Paved,2,72,3,10,0,0.00197309102339992
127578,542901,0,0.25,02_6781337,2,02_53,Washington,S14,LEWIS AND CLARK HWY,State,Paved,4,96,2,7,0,0.00310104792767144
128611,543887,0,0.23,02_6818445,2,02_53,Washington,I205, ,State,Paved,4,96,1,1,0,0.00221879471441031
125906,540979,0,0.55,02_6692444,2,02_41,Oregon,U26,SUNSET HWY,State,Paved,4,88,2,7,0,0.00661203331764465
128070,543407,0,0.24,02_6803234,2,02_53,Washington, ,NE 3RD AVE,Municipal,Paved,4,80,3,10,0,0.0028366890035094
127398,542098,0,0.24,02_6760910,2,02_41,Oregon,S99E,MCLOUGHLIN BLVD,State,Paved,4,64,3,10,0,0.00221721691683721
123153,542444,0,0.08,02_6768460,2,02_41,Oregon,S99W,FRONT ST,State,Paved,2,72,4,0,0,0.000755241179019
127730,542456,0,0.15,02_6769159,2,02_41,Oregon, ,INTERSTATE AV,Municipal,Paved,4,56,4,8,0,0.00137075667161531
128062,543150,0,0.19,02_6790183,2,02_41,Oregon, , ,Municipal,Paved,6,72,3,10,0,0.0017206148871741
126070,540954,0,0.07,02_6691476,2,02_41,Oregon, ,185TH AV,Municipal,Paved,5,40,3,10,0,0.000608328489012663
127066,543296,0,0.26,02_6794705,2,02_53,Washington,S14, ,State,Paved,4,88,2,7,0,0.00326676560547203
128323,543922,0,0.16,02_6820095,2,02_53,Washington,I205, ,State,Paved,4,96,1,1,0,0.0017325926828538
128394,543765,0,0.43,02_6815180,2,02_53,Washington,I205, ,State,Paved,4,96,1,1,0,0.00493700070534747
127421,542119,0,0.2,02_6761540,2,02_41,Oregon,I205,E PORTLAND FRWY,State,Paved,6,88,1,1,0,0.0022156016438834
127753,542556,0,0.21,02_6771152,2,02_41,Oregon,S99E,GRAND AV,State,Paved,4,48,3,10,0,0.00188937847723286
127636,542395,0,0.08,02_6767867,2,02_41,Oregon, ,6TH AVE,Municipal,Paved,2,48,3,8,0,0.000755596004671351
128417,543800,0,0.02,02_6815901,2,02_53,Washington,S14,LEWIS AND CLARK HWY,State,Paved,4,96,2,7,0,0.000225229405211852
126757,543093,0,0.18,02_6788740,2,02_53,Washington,I205, ,State,Paved,7,96,1,1,0,0.00163024330720072
125429,541621,0,6.56,02_6722638,2,02_53,Washington, ,NW NEW LOWER RIVER RD,Municipal,Paved,2,80,4,0,0,0.0661490612393978
128300,543930,0,0.45,02_6819430,2,02_53,Washington, ,NE ANDRESEN RD,Municipal,Paved,4,72,4,0,0,0.00402642230175715
126093,540850,0,0.03,02_6687295,2,02_41,Oregon, , ,Municipal,Paved,2,72,3,0,0,0.000357022615490774
127089,542173,0,0.42,02_6763352,2,02_41,Oregon,I205,E PORTLAND FRWY,State,Paved,6,88,1,1,0,0.00382645753169594
127968,543271,0,0.08,02_6793742,2,02_41,Oregon, , ,Municipal,Paved,2,72,3,10,0,0.00072811594503296
123368,541472,0,0.2,02_6707110,2,02_41,Oregon, ,COLUMBIA BLVD,Municipal,Paved,4,40,3,8,0,0.00251199544467379
127352,542064,0,0.44,02_6762265,2,02_41,Oregon,I205,E PORTLAND FRWY,State,Paved,6,88,1,1,0,0.00409496958221153
127684,542351,0,0.29,02_6767148,2,02_41,Oregon,S99E,GRAND AV,State,Paved,4,72,3,7,0,0.00260216570797251
126356,541392,0,0.08,02_6704786,2,02_41,Oregon,U26, ,State,Paved,2,80,4,0,0,0.00104424165687018
126024,540859,0,1.11,02_6687989,2,02_41,Oregon,S210,SCHOLLS FERRY RD,State,Paved,2,64,5,0,0,0.0113826706822813
123391,541486,0,0.88,02_6708175,2,02_41,Oregon, ,COLUMBIA BLVD,Municipal,Paved,4,40,3,8,0,0.0107632695575495
123293,542025,0,0.1,02_6758559,2,02_41,Oregon,S43,WILLAMETTE DR,State,Paved,2,64,3,7,0,0.00102952747230223
127375,542164,0,0.59,02_6762551,2,02_41,Oregon,S224,MILWAUKIE EXWY,State,Paved,4,88,2,7,0,0.00698772928198245
127707,542329,0,0.02,02_6766231,2,02_41,Oregon,U26,POWELL BLVD,State,Paved,3,40,3,10,0,0.000214596627988513
122961,541413,0,0.04,02_6705316,2,02_41,Oregon, ,GLISAN ST,Municipal,Paved,2,72,4,8,0,0.000558353355515375
127043,543038,0,0.16,02_6786811,2,02_41,Oregon, , ,Municipal,Paved,4,72,3,10,0,0.0020090354168708
128371,543690,0,0.77,02_6812619,2,02_53,Washington, ,GRAND BLVD RD,Municipal,Paved,2,48,3,10,0,0.00693863804967839
126047,540887,0,0.27,02_6689124,2,02_41,Oregon, ,CORNELL RD,Municipal,Paved,4,72,3,7,0,0.00346555740255458
128039,543131,0,0.04,02_6789653,2,02_41,Oregon, , ,Municipal,Paved,6,72,3,10,0,0.000392062705367948
126239,541100,0,0.05,02_6696627,2,02_41,Oregon, , ,Municipal,Paved,4,72,3,10,0,0.000518463236758166
126233,541110,0,0.05,02_6696569,2,02_41,Oregon, , ,Municipal,Paved,3,72,3,10,0,0.000590994059384285
127490,542789,0,0.12,02_6777673,2,02_41,Oregon,U30  B,SANDY BLVD,State,Paved,3,72,3,10,0,0.00139560568799538
126903,543114,0,0.4,02_6792557,2,02_41,Oregon,I84,COLUMBIA RIVER HWY,State,Paved,6,104,1,1,0,0.00514166382298835
127561,542217,0,1.63,02_6780497,2,02_41,Oregon,U30  P,LOMBARD ST,State,Paved,4,72,3,10,0,0.0205447338545021
127567,542893,0,0.52,02_6780694,2,02_41,Oregon, ,KILLINGSWORTH ST,Municipal,Paved,2,64,4,0,0,0.00665135684233182
128231,543836,0,0.06,02_6817032,2,02_53,Washington, ,SE MILL PLAIN BLVD,Municipal,Paved,4,56,3,10,0,0.000769042061379162
126897,541925,0,0.68,02_6792263,2,02_41,Oregon, ,DIVISION ST,Municipal,Paved,2,56,3,10,0,0.00870409425059152
126210,541090,0,0.33,02_6696112,2,02_41,Oregon,I5,PACIFIC HWY,State,Paved,8,88,1,1,0,0.00297678726413224
126216,541098,0,0.04,02_6696160,2,02_41,Oregon, , ,Municipal,Paved,2,72,3,10,0,0.000467889183798158
126333,541287,0,0.02,02_6701052,2,02_41,Oregon,S217,BEAVERTON-TIGARD HWY,State,Paved,4,88,2,7,0,0.00016012466012657
127538,542687,0,0.1,02_6774439,2,02_41,Oregon,I5,PACIFIC HWY,State,Paved,6,88,1,1,0,0.000888095064847845
127544,542688,0,0.08,02_6774789,2,02_41,Oregon,I5,PACIFIC HWY,State,Paved,6,88,1,1,0,0.000708204037992477
123339,541642,0,0.23,02_6723665,2,02_53,Washington,S501,NW NEW LOWER RIVER RD,State,Paved,4,48,3,8,0,0.00291952331918868
126880,543563,0,0.08,02_6809432,2,02_53,Washington, ,C ST,Municipal,Paved,2,40,3,10,0,0.000734834255539486
126874,543559,0,0.01,02_6809349,2,02_53,Washington,I5, ,State,Paved,6,104,1,1,0,0.000129619263773528
122867,541199,0,0.04,02_6698454,2,02_41,Oregon,S99W,BARBUR BLVD,State,Paved,2,88,3,10,0,0.000422995802426128
122944,541259,0,0.16,02_6700149,2,02_41,Oregon,S8,CANYON RD,State,Paved,2,88,3,7,0,0.00206953975585141
127444,542226,0,0.64,02_6772641,2,02_41,Oregon, ,HOLGATE BLVD,Municipal,Paved,2,72,4,8,0,0.00808689719728749
127613,542648,0,0.28,02_6774134,2,02_41,Oregon,I84,COLUMBIA RIVER HWY,State,Paved,6,104,1,1,0,0.00343735973559317
126780,543100,0,0.41,02_6789463,2,02_53,Washington,S14,LEWIS AND CLARK HWY,State,Paved,5,96,2,7,0,0.00504907087502741
126187,541067,0,1.38,02_6695470,2,02_41,Oregon,I205,E PORTLAND FRWY,State,Paved,6,104,1,1,0,0.0174310503900395
126116,540858,0,0.24,02_6687952,2,02_41,Oregon, ,MURRAY BLVD,Municipal,Paved,4,72,3,10,0,0.00211806019501738
128277,543752,0,0.06,02_6814585,2,02_53,Washington,I5, ,State,Paved,8,96,1,1,0,0.000584533541912239
123385,541481,0,0.67,02_6707968,2,02_41,Oregon,U30  P,LOMBARD ST,State,Paved,4,56,4,0,0,0.00861525274403613
127590,542638,0,0.31,02_6773454,2,02_41,Oregon, ,39TH AV,Municipal,Paved,4,72,3,10,0,0.00277441056517632
126262,541362,0,0.04,02_6703932,2,02_41,Oregon,U26, ,State,Paved,2,80,4,0,0,0.000529498888265307
122967,541408,0,0.34,02_6705364,2,02_41,Oregon,I405,STADIUM EXWY,State,Paved,4,104,1,1,0,0.00306247724776026
127467,542765,0,0.03,02_6776611,2,02_41,Oregon, ,KILLINGSWORTH ST,Municipal,Paved,2,64,4,0,0,0.000389005303861065
128254,543854,0,0.11,02_6817655,2,02_53,Washington,I205, ,State,Paved,6,96,1,1,0,0.00106484836459691
126041,540886,0,0.41,02_6688923,2,02_41,Oregon,S8,TUALATIN VALLEY HWY,State,Paved,4,64,3,7,0,0.00516028698274953
127404,542101,0,0.01,02_6761032,2,02_41,Oregon,S99E,MCLOUGHLIN BLVD,State,Paved,6,64,3,10,0,0.00010607516158341
126325,541280,0,0.06,02_6700672,2,02_41,Oregon,S10,BEAVERTON-HILLSBORO HWY,State,Paved,4,48,3,10,0,0.000743066563620584
127653,542336,0,0.02,02_6766347,2,02_41,Oregon,S43N,MACADAM AV,State,Paved,2,64,3,10,0,0.000231567205957189
123076,541903,0,0.01,02_6776484,2,02_41,Oregon,I5,PACIFIC HWY,State,Paved,6,104,1,1,0,5.83092225347667E-05
126657,542978,0,2.16,02_6784748,2,02_41,Oregon, ,S SPRINGWATER RD,Municipal,Paved,2,72,4,0,0,0.0255167895108382
127985,543003,0,0.98,02_6787172,2,02_41,Oregon,U26,POWELL BLVD,State,Paved,4,56,3,10,0,0.0122328037515886
127060,543290,0,0.04,02_6794300,2,02_53,Washington,S14, ,State,Paved,4,88,2,7,0,0.000497052712777684
128400,543773,0,0.46,02_6815321,2,02_53,Washington,I205, ,State,Paved,4,96,1,1,0,0.0047399282373216
126728,543497,0,1.32,02_6823295,2,02_53,Washington, ,NE 83RD ST,Municipal,Paved,4,88,2,10,0,0.0169928994256306
127415,542115,0,0.12,02_6761168,2,02_41,Oregon,I205,E PORTLAND FRWY,State,Paved,6,88,1,1,0,0.00120504538150764
126124,541170,0,0.01,02_6697452,2,02_41,Oregon, ,KRUSE WY,Municipal,Paved,4,88,2,7,0,0.000160224382491218
122921,541222,0,0.19,02_6699427,2,02_41,Oregon,S10,BEAVERTON HWY,State,Paved,4,72,3,10,0,0.00238348381444007
125970,541331,0,0.05,02_6702675,2,02_41,Oregon,U30  P,LOMBARD ST,State,Paved,4,56,4,0,0,0.000664762522708503
127759,542564,0,0.16,02_6771214,2,02_41,Oregon,S99E,UNION AV,State,Paved,4,48,3,10,0,0.00141302913754545
127747,542489,0,0.16,02_6769759,2,02_41,Oregon, ,WEIDLER ST,Municipal,Paved,3,72,3,8,0,0.00206744139638258
127298,543084,0,0.57,02_6788712,2,02_53,Washington,S14,LEWIS AND CLARK HWY,State,Paved,4,96,2,7,0,0.0070999583798772
126087,540830,0,0.12,02_6687227,2,02_41,Oregon,S210,SCHOLLS FERRY RD,State,Paved,2,64,3,10,0,0.00138831911137493
125638,540800,0,0.43,02_6684417,2,02_41,Oregon, ,SW STAFFORD RD,Municipal,Paved,2,56,4,0,0,0.00395624126787707
126966,543388,0,0.71,02_6802500,2,02_41,Oregon,I84,COLUMBIA RIVER HWY,State,Paved,6,104,1,1,0,0.00859879544203646
128294,543906,0,0.88,02_6819283,2,02_53,Washington,S503,NE 117TH AV,State,Paved,4,88,2,7,0,0.00792713732258438
127607,542657,0,0.15,02_6773740,2,02_41,Oregon, ,39TH AV,Municipal,Paved,4,88,3,10,0,0.00137478391872291
127853,542543,0,0.01,02_6770523,2,02_41,Oregon,U30  B,BURNSIDE ST,State,Paved,4,72,3,10,0,0.0001340151535574
126279,541439,0,0.2,02_6705894,2,02_41,Oregon,U30, ,State,Paved,4,88,2,7,0,0.00230202865415639
127939,543190,0,0.03,02_6791008,2,02_41,Oregon,I84,COLUMBIA RIVER HWY,State,Paved,6,104,1,1,0,0.000365168813244306
126857,543536,0,0.08,02_6808849,2,02_53,Washington,S14,LEWIS AND CLARK HWY,State,Paved,5,88,2,7,0,0.000931552170959387
126774,543105,0,0.21,02_6789081,2,02_53,Washington, ,SE 164TH AV,Municipal,Paved,6,64,3,10,0,0.0019065707717441
128185,543966,0,0.18,02_6820862,2,02_53,Washington,S503,NE 117TH AV,State,Paved,2,48,3,7,0,0.00159953765786245
126611,543812,0,0.26,02_6816305,2,02_53,Washington, ,NE ANDERSEN AV,Municipal,Paved,4,56,3,10,0,0.00233089570281068
128434,543712,0,0.4,02_6813606,2,02_53,Washington, ,ST JOHNS RD,Municipal,Paved,2,56,3,10,0,0.00359468753641868
128446,543506,0,0.06,02_6814145,2,02_53,Washington,I5, ,State,Paved,6,96,1,1,0,0.000512079435505273
125446,540910,0,0.16,02_6689291,2,02_41,Oregon, , ,Municipal,Paved,4,72,3,0,0,0.00163168303346215
127106,542211,0,0.43,02_6764105,2,02_41,Oregon,I205,E PORTLAND FRWY,State,Paved,6,88,1,1,0,0.0038718622782513
125197,541598,0,0.27,02_6720306,2,02_41,Oregon,U30, ,State,Paved,4,64,3,7,0,0.00320394473804212
126133,541177,0,0.03,02_6697558,2,02_41,Oregon,I5,PACIFIC HWY,State,Paved,6,88,1,1,0,0.000268901627552106
127498,542904,0,0.31,02_6781608,2,02_41,Oregon,U30  B,SANDY BLVD,State,Paved,3,72,3,10,0,0.00367322523471751
123182,542370,0,0.08,02_6767255,2,02_41,Oregon,S99E,GRAND AV,State,Paved,4,48,3,7,0,0.00072009967190763
123170,542464,0,0.03,02_6768922,2,02_41,Oregon,I405, ,State,Paved,6,104,1,1,0,0.000318449150171018
127793,542596,0,0.03,02_6771898,2,02_41,Oregon, ,WILLIAMS AVE,Municipal,Paved,2,72,4,8,0,0.000268095989985898
127252,542859,0,0.16,02_6779791,2,02_41,Oregon,I205,E PORTLAND FRWY,State,Paved,7,88,1,1,0,0.00145157372856638
128580,543911,0,0.12,02_6819266,2,02_53,Washington,S503,NE 117TH AV,State,Paved,4,88,2,7,0,0.00111102311341487
127461,542724,0,0.92,02_6776491,2,02_41,Oregon,S99E,UNION AV,State,Paved,4,88,3,8,0,0.0100722027137638
128248,543828,0,0.32,02_6817558,2,02_53,Washington,I205, ,State,Paved,7,96,1,1,0,0.00289702597242998
127166,542902,0,0.55,02_6783087,2,02_41,Oregon,I205,E PORTLAND FRWY,State,Paved,6,88,1,1,0,0.00598923492171714
128592,543869,0,0.24,02_6817906,2,02_53,Washington, ,NE FOURTH PLAIN BLVD,Municipal,Paved,4,48,3,10,0,0.00253740978983317
125924,540998,0,1.28,02_6693455,2,02_41,Oregon, ,SW BOONES FERRY RD,Municipal,Paved,2,72,4,0,0,0.0120925861002069
126170,541141,0,0.38,02_6697254,2,02_41,Oregon,I205,E PORTLAND FRWY,State,Paved,4,104,1,1,0,0.00467056526237652
127312,542083,0,0.05,02_6760376,2,02_41,Oregon,I205,E PORTLAND FRWY,State,Paved,6,88,1,1,0,0.000594674031982136
126227,541103,0,0.02,02_6696232,2,02_41,Oregon, , ,Municipal,Paved,3,72,3,10,0,0.000189489554339165
125978,541231,0,0.05,02_6703214,2,02_41,Oregon,U26,SUNSET HWY,State,Paved,6,88,2,7,0,0.00060669829098465
125984,541344,0,0.2,02_6703315,2,02_41,Oregon,U26,SUNSET HWY,State,Paved,6,88,2,7,0,0.00255722151371113
127158,542952,0,0.17,02_6782618,2,02_41,Oregon,I205,E PORTLAND FRWY,State,Paved,6,88,1,1,0,0.00187173179362285
127893,542718,0,0.39,02_6775055,2,02_41,Oregon, ,KILLINGSWORTH ST,Municipal,Paved,2,48,4,0,0,0.00495220590947149
127899,542667,0,0.55,02_6775542,2,02_41,Oregon,U30  P,LOMBARD ST,State,Paved,4,56,4,0,0,0.00707120480396024
128237,543834,0,0.15,02_6817100,2,02_53,Washington,I205, ,State,Paved,7,96,1,1,0,0.00140095009311788
128486,543572,0,0.1,02_6809494,2,02_53,Washington, ,W 16TH ST,Municipal,Paved,2,56,3,0,0,0.00129707574278025
126179,541163,0,0.18,02_6697389,2,02_41,Oregon,I5,PACIFIC HWY,State,Paved,8,88,1,1,0,0.00161801077440295
122884,541209,0,0.14,02_6699330,2,02_41,Oregon,S99W,BARBUR BLVD,State,Paved,2,72,3,10,0,0.00159227409789481
123376,541476,0,0.28,02_6707375,2,02_41,Oregon, ,GOING ST,Municipal,Paved,4,64,5,8,0,0.00354809504598991
125884,541309,0,0,02_6701868,2,02_41,Oregon,U26,SUNSET HWY,State,Paved,6,88,2,7,0,3.79474384921651E-05
125878,541303,0,0.15,02_6701518,2,02_41,Oregon,S217,BEAVERTON-TIGARD HWY,State,Paved,4,88,2,7,0,0.00151306141406779
123222,542297,0,0.09,02_6765194,2,02_41,Oregon,I405,EXIT,State,Paved,6,104,1,1,0,0.00114162464626139
127999,543059,0,0.16,02_6787776,2,02_41,Oregon, , ,Municipal,Paved,3,72,3,10,0,0.00206001631029323
127212,542821,0,0.09,02_6778855,2,02_41,Oregon, ,DIVISION ST,Municipal,Paved,4,56,3,10,0,0.00111435166044554
127206,542820,0,0.02,02_6778803,2,02_41,Oregon,I205,E PORTLAND FRWY,State,Paved,6,88,1,1,0,0.000166002965975638
127550,542694,0,0.29,02_6774873,2,02_41,Oregon,I5,PACIFIC HWY,State,Paved,6,88,1,1,0,0.00257944678905679
127507,542923,0,0.07,02_6781789,2,02_41,Oregon,S213,82ND AV,State,Paved,2,80,3,8,0,0.000590102517315376
128540,543525,0,0.05,02_6810715,2,02_53,Washington, ,W 15TH ST,Municipal,Paved,3,40,3,0,0,0.00064505414416696
126273,541234,0,0.54,02_6704539,2,02_41,Oregon, ,PORT ACCESS RD,Municipal,Paved,2,48,5,8,0,0.00557785958429833
127358,542149,0,0.03,02_6762348,2,02_41,Oregon,I205,E PORTLAND FRWY,State,Paved,6,88,1,1,0,0.000290079717812981
127112,542248,0,0.11,02_6764283,2,02_41,Oregon,S10,FRONT ST,State,Paved,3,40,3,10,0,0.000959345457798339
127699,542319,0,0.01,02_6765837,2,02_41,Oregon,U26E,POWELL BLVD,State,Paved,2,64,4,0,0,9.88583961771969E-05
127601,542645,0,0.04,02_6773690,2,02_41,Oregon,I84,COLUMBIA RIVER HWY,State,Paved,6,104,1,1,0,0.000521392183857462
126863,543548,0,0.04,02_6808906,2,02_53,Washington,I5, ,State,Paved,6,104,1,1,0,0.000453791931519095
125437,541637,0,0.55,02_6723421,2,02_53,Washington,S501,NW NEW LOWER RIVER RD,State,Paved,2,56,3,8,0,0.00610911662500262
126866,543539,0,0.09,02_6808959,2,02_53,Washington, ,WASHINGTON ST,Municipal,Paved,3,40,3,10,0,0.000769002621485214
128440,543718,0,0.58,02_6814023,2,02_53,Washington,S500, ,State,Paved,4,88,2,7,0,0.00744498079914397
123276,541989,0,0.5,02_6757155,2,02_41,Oregon, ,S REDLAND RD,Municipal,Paved,2,72,4,0,0,0.00633120327205545
126030,540879,0,0.79,02_6688162,2,02_41,Oregon, ,MURRAY BLVD,Municipal,Paved,4,72,3,10,0,0.00714438324320287
127945,543249,0,0.03,02_6793163,2,02_41,Oregon, , ,Municipal,Paved,2,72,3,10,0,0.000365338210313104
126176,541162,0,0.13,02_6697350,2,02_41,Oregon,S217,BEAVERTON-TIGARD HWY,State,Paved,4,88,2,7,0,0.0013029217278753
122930,538099,0,0.54,02_6699664,2,02_41,Oregon,S10,CAPITOL HWY,State,Paved,3,72,3,10,0,0.00686206625803244
123176,542361,0,0.4,02_6767186,2,02_41,Oregon,S99E,GRAND AV,State,Paved,4,48,3,7,0,0.00358517866217978
127799,542584,0,0.1,02_6771957,2,02_41,Oregon, ,WEIDLER ST,Municipal,Paved,3,56,3,10,0,0.00124508507987158
126914,543116,0,0.57,02_6793017,2,02_41,Oregon,U30  P,SANDY BLVD,State,Paved,2,64,3,10,0,0.00719214432724589
127258,542869,0,0.11,02_6780189,2,02_41,Oregon,I205,E PORTLAND FRWY,State,Paved,7,88,1,1,0,0.001008068570235
127553,542697,0,0.06,02_6774899,2,02_41,Oregon,U30  P,LOMBARD ST,State,Paved,4,56,4,0,0,0.000823243508793611
127504,542925,0,0.07,02_6781767,2,02_41,Oregon,S213,82ND AV,State,Paved,4,80,3,10,0,0.000652129079981484
128340,543668,0,0.06,02_6811716,2,02_53,Washington, , ,Municipal,Paved,4,88,2,0,0,0.000818041718228883
128586,543867,0,0.65,02_6817782,2,02_53,Washington, ,NE FOURTH PLAIN BLVD,Municipal,Paved,4,48,3,10,0,0.00715840445260084
125930,541011,0,0.05,02_6693858,2,02_41,Oregon,I5,PACIFIC HWY,State,Paved,6,104,1,1,0,0.000433797319682695
128045,543120,0,0.66,02_6789694,2,02_41,Oregon,U26,POWELL BLVD,State,Paved,3,56,3,10,0,0.00813080814309991
126319,541275,0,0,02_6700587,2,02_41,Oregon, ,BROADWAY,Municipal,Paved,2,72,5,10,0,1.94263596026997E-05
125987,541337,0,0.92,02_6703520,2,02_41,Oregon,U26,SUNSET HWY,State,Paved,6,88,2,7,0,0.0113981852880303
127481,542780,0,0.09,02_6777540,2,02_41,Oregon, ,60TH AV,Municipal,Paved,2,40,3,0,0,0.00079751903442491
127979,543009,0,0.16,02_6786901,2,02_41,Oregon, , ,Municipal,Paved,4,72,3,10,0,0.00204839143472086
128240,543844,0,0.02,02_6817139,2,02_53,Washington,I205, ,State,Paved,7,96,1,1,0,0.000161319264731804
128477,543649,0,0.08,02_6811406,2,02_53,Washington, , ,Municipal,Paved,4,88,2,0,0,0.000927815414244281
128406,543781,0,0.07,02_6815476,2,02_53,Washington,I205, ,State,Paved,4,96,1,1,0,0.000748171521926894
126130,541171,0,0.22,02_6697497,2,02_41,Oregon,I5,PACIFIC HWY,State,Paved,6,88,1,1,0,0.00200441168633213
125915,540984,0,0.31,02_6692993,2,02_41,Oregon, ,NW CORNELIUS PASS RD,Municipal,Paved,2,56,4,0,0,0.00350496794466351
125964,541322,0,0.5,02_6702541,2,02_41,Oregon, ,BURGARD RD,Municipal,Paved,2,40,4,8,0,0.00494747994585723
123259,542042,0,0.29,02_6759912,2,02_41,Oregon,S224,MILWAUKIE EXWY,State,Paved,4,88,2,7,0,0.00297236658091163
127126,542251,0,0.05,02_6764494,2,02_41,Oregon,S43S,HOOD AV,State,Paved,2,56,3,10,0,0.00047410565677933
127624,542409,0,0.16,02_6767785,2,02_41,Oregon, ,BROADWAY AV,Municipal,Paved,2,56,3,8,0,0.00142798387747027
126628,543823,0,0.59,02_6817006,2,02_53,Washington, ,SE MILL PLAIN BLVD,Municipal,Paved,4,56,3,10,0,0.00760014017780711
125417,541623,0,0.27,02_6722393,2,02_41,Oregon, ,PORT ACCESS RD,Municipal,Paved,2,48,3,8,0,0.00267888755170516
125466,540928,0,0.08,02_6690199,2,02_41,Oregon, ,CORNELIUS PASS RD,Municipal,Paved,5,40,3,10,0,0.000693085035995137
126960,543381,0,0.18,02_6802362,2,02_41,Oregon, ,238TH DR,Municipal,Paved,3,72,4,7,0,0.00159331919493635
123282,542018,0,0.07,02_6757584,2,02_41,Oregon,I205,E PORTLAND FRWY,State,Paved,4,104,1,1,0,0.000741606292276294
126270,541366,0,0.39,02_6704484,2,02_41,Oregon, ,YEON AV,Municipal,Paved,4,72,3,7,0,0.00428650850544392
127361,542148,0,0.08,02_6762367,2,02_41,Oregon,S212,CARVER HWY,State,Paved,4,56,3,7,0,0.00103034157689394
127693,542318,0,0.11,02_6765749,2,02_41,Oregon,S43S,HOOD AV,State,Paved,4,56,3,10,0,0.00101708622591068
127103,542002,0,0.37,02_6764025,2,02_41,Oregon,S213,82ND AV,State,Paved,4,56,3,10,0,0.00333381552572435
127767,542571,0,0.08,02_6771310,2,02_41,Oregon, , ,Municipal,Paved,2,40,3,10,0,0.00101400386475278
126697,544125,0,0.03,02_6828466,2,02_53,Washington,S500,NE 58TH ST,State,Paved,2,80,4,0,0,0.000261836326789284
127032,543024,0,0.17,02_6786646,2,02_41,Oregon, , ,Municipal,Paved,4,72,3,10,0,0.00212508436943023
128357,543518,0,0.69,02_6812295,2,02_53,Washington, , ,Municipal,Paved,2,56,3,0,0,0.00862472272376816
126771,543102,0,0.99,02_6789044,2,02_53,Washington,S14,LEWIS AND CLARK HWY,State,Paved,4,96,2,7,0,0.0122040168336113
125938,541008,0,0.72,02_6693978,2,02_41,Oregon,I5,PACIFIC HWY,State,Paved,6,88,1,1,0,0.00673456655911232
126107,540864,0,0.05,02_6687833,2,02_41,Oregon, , ,Municipal,Paved,4,72,3,10,0,0.000539059482463608
128028,543198,0,0.16,02_6791902,2,02_41,Oregon, , ,Municipal,Paved,2,72,3,10,0,0.00166626781456397
127338,542128,0,0.06,02_6761642,2,02_41,Oregon,S213,S CASCADE HWY,State,Paved,2,72,3,10,0,0.000554183149047807
122973,541429,0,0.31,02_6705750,2,02_41,Oregon,U30,VAUGHN ST,State,Paved,4,88,2,0,0,0.00392257215871689
126293,541461,0,0.03,02_6706095,2,02_41,Oregon,U30,ST HELENS RD,State,Paved,4,72,3,7,0,0.000390299807022978
126342,541378,0,0.11,02_6704640,2,02_41,Oregon,U26,SUNSET HWY,State,Paved,7,80,4,7,0,0.00134030815367578
128002,543057,0,0.16,02_6787824,2,02_41,Oregon, , ,Municipal,Paved,2,72,3,10,0,0.00207902077550549
127289,543067,0,1.22,02_6788483,2,02_41,Oregon,U30  P,SANDY BLVD,State,Paved,2,64,3,10,0,0.0153242242662511
123047,542735,0,0,02_6775749,2,02_41,Oregon, ,COLUMBIA BLVD,Municipal,Paved,4,40,3,8,0,5.53256236789747E-05
128383,543698,0,0.19,02_6813223,2,02_53,Washington,S500, ,State,Paved,4,88,2,7,0,0.00218852286684637
128334,543653,0,0.48,02_6811598,2,02_53,Washington, , ,Municipal,Paved,4,56,3,10,0,0.00440825447183166
128051,543144,0,0.02,02_6789788,2,02_41,Oregon, , ,Municipal,Paved,6,72,3,10,0,0.000165999891265756
127318,542088,0,0.02,02_6760433,2,02_41,Oregon,S43,WILLAMETTE DR,State,Paved,2,40,3,7,0,0.000219328945608285
123239,538104,0,0.67,02_6758750,2,02_41,Oregon,S99W,BARBUR BLVD,State,Paved,2,72,3,10,0,0.00768053471986253
127644,542228,0,0.15,02_6768242,2,02_41,Oregon,S99W,FRONT ST,State,Paved,2,72,4,0,0,0.00142424160186197
123233,538106,0,0.08,02_6765656,2,02_41,Oregon,U26, ,State,Paved,2,80,4,0,0,0.00100679003681249
127816,542493,0,0.17,02_6769818,2,02_41,Oregon,I5,PACIFIC HWY,State,Paved,4,104,1,1,0,0.0017050460222051
127810,542612,0,0.08,02_6772391,2,02_41,Oregon,S99E,UNION AV,State,Paved,4,48,3,10,0,0.000684018657592293
128569,543907,0,0.46,02_6819093,2,02_53,Washington, ,NE FOURTH PLAIN BLVD,Municipal,Paved,4,64,3,10,0,0.00545420244006994
128308,543510,0,0.65,02_6819549,2,02_53,Washington,I205, ,State,Paved,4,96,1,1,0,0.00794305433766159
127152,542936,0,0.12,02_6782555,2,02_41,Oregon,U30  P,SANDY BLVD,State,Paved,4,72,3,10,0,0.00143983820074708
127146,542940,0,0.32,02_6782475,2,02_41,Oregon,I205,E PORTLAND FRWY,State,Paved,7,88,1,1,0,0.00340787959363027
123067,542750,0,0.04,02_6776391,2,02_41,Oregon,S99E,UNION AV,State,Paved,4,88,3,8,0,0.000427018810170605
125652,540820,0,0.49,02_6686318,2,02_41,Oregon,S10,FARMINGTON RD,State,Paved,2,64,4,0,0,0.00600621804459318
125895,540970,0,0.42,02_6692056,2,02_41,Oregon, ,MURRAY BLVD,Municipal,Paved,4,72,3,10,0,0.00375344548735516
126654,542992,0,0.82,02_6784589,2,02_41,Oregon, ,SE 142ND AVE,Municipal,Paved,2,64,4,0,0,0.0103502123912216
126013,541056,0,0.05,02_6695348,2,02_41,Oregon,S99W,W PACIFIC HWY,State,Paved,2,88,3,7,0,0.000598077676893042
123382,538101,0,1.04,02_6707518,2,02_41,Oregon, ,KILLINGSWORTH ST,Municipal,Paved,2,72,4,0,0,0.0133823937030216
123210,542288,0,0.01,02_6765058,2,02_41,Oregon,U26E,FRONT ST,State,Paved,3,48,4,0,0,8.10428660028412E-05
123216,542290,0,0.07,02_6765147,2,02_41,Oregon,U26E,POWELL BLVD,State,Paved,2,64,4,0,0,0.000869466314761997
127716,542334,0,0.06,02_6766324,2,02_41,Oregon,S43N,MACADAM AV,State,Paved,2,64,3,10,0,0.000613159256165011
127175,542225,0,1.37,02_6777835,2,02_41,Oregon,U30  B,SANDY BLVD,State,Paved,3,72,3,10,0,0.016467041164583
127218,542833,0,0.08,02_6778952,2,02_41,Oregon,S213,82ND AV,State,Paved,4,56,3,10,0,0.00073835786791374
127667,542240,0,0.49,02_6766527,2,02_41,Oregon,I5,PACIFIC HWY,State,Paved,6,104,1,1,0,0.0053181286622025
127169,542965,0,0.43,02_6783110,2,02_41,Oregon, ,AIRPORT WY,Municipal,Paved,4,64,3,8,0,0.00522343841418732
127052,543277,0,0.58,02_6794122,2,02_53,Washington,S14,LEWIS AND CLARK HWY,State,Paved,4,96,2,7,0,0.00734042731594027
125944,541018,0,0.07,02_6694339,2,02_41,Oregon, ,SW NYBERG ST,Municipal,Paved,4,40,4,0,0,0.000918026753026955
126362,541396,0,0.08,02_6705105,2,02_41,Oregon,I405,STADIUM EXWY,State,Paved,4,104,1,1,0,0.000753646269545381
123190,542389,0,0.04,02_6767360,2,02_41,Oregon,U30  B,BURNSIDE ST,State,Paved,2,72,3,10,0,0.000509166708382669
127859,542547,0,0.02,02_6770578,2,02_41,Oregon,I84,COLUMBIA RIVER HWY,State,Paved,6,104,1,1,0,0.00018697095609652
127936,543179,0,0.22,02_6790976,2,02_41,Oregon, ,181ST AV,Municipal,Paved,6,72,3,7,0,0.00197229070412759
127269,543061,0,0.16,02_6787910,2,02_41,Oregon, , ,Municipal,Paved,2,72,3,10,0,0.00207071389384844
127026,543019,0,0.21,02_6786219,2,02_41,Oregon, ,DIVISION ST,Municipal,Paved,4,64,3,10,0,0.00273229559345935
128526,543604,0,0.19,02_6810183,2,02_53,Washington, ,NW BROADWAY,Municipal,Paved,2,40,3,10,0,0.00186338232346335
126605,543810,0,0.1,02_6816235,2,02_53,Washington,S500, ,State,Paved,4,88,2,7,0,0.00125000392765111
128600,543880,0,0.13,02_6818316,2,02_53,Washington,I205, ,State,Paved,6,96,1,1,0,0.00131923306100285
127195,542809,0,0.05,02_6778657,2,02_41,Oregon,U26,POWELL BLVD,State,Paved,5,56,3,10,0,0.000608560445125331
127344,542136,0,0.11,02_6761796,2,02_41,Oregon,S213,S CASCADE HWY,State,Paved,2,88,3,10,0,0.00103652867380867
127836,542521,0,0.24,02_6770324,2,02_41,Oregon,I5,PACIFIC HWY,State,Paved,6,104,1,1,0,0.00220445223567963
128008,543194,0,0.13,02_6791061,2,02_41,Oregon, , ,Municipal,Paved,6,72,3,10,0,0.00116997764836229
127885,542713,0,0.03,02_6774977,2,02_41,Oregon,U30  P,LOMBARD ST,State,Paved,4,56,4,0,0,0.000448071134523371
127295,543092,0,0.02,02_6788693,2,02_53,Washington,I205, ,State,Paved,8,96,1,1,0,0.000147648104710939
128500,543587,0,0.09,02_6809649,2,02_53,Washington, ,W 15TH ST,Municipal,Paved,3,40,3,0,0,0.00109601676305225
128377,543694,0,0.34,02_6813100,2,02_53,Washington, ,E FOURTH PLAIN BLVD,Municipal,Paved,4,48,3,10,0,0.0042364102261676
128549,543865,0,0.38,02_6818474,2,02_53,Washington,I205, ,State,Paved,4,96,1,1,0,0.00382138501717286
128426,543710,0,0.5,02_6813457,2,02_53,Washington, ,NE ST JAMES RD RD,Municipal,Paved,2,56,3,10,0,0.00453941332377356
127959,543263,0,0.08,02_6793332,2,02_41,Oregon, , ,Municipal,Paved,2,56,3,10,0,0.000682059297255576
126242,541123,0,0.1,02_6696653,2,02_41,Oregon, , ,Municipal,Paved,4,72,3,10,0,0.00119978180809983
127226,542215,0,1.52,02_6779416,2,02_41,Oregon,S213,82ND AV,State,Paved,4,56,3,10,0,0.0136441808599479
127487,542784,0,0.07,02_6777614,2,02_41,Oregon,I84,COLUMBIA RIVER HWY,State,Paved,6,104,1,1,0,0.000815692030813966
123147,542440,0,0.01,02_6768415,2,02_41,Oregon,I5,PACIFIC HWY,State,Paved,6,104,1,1,0,0.000118848556163514
123159,542446,0,0.16,02_6768510,2,02_41,Oregon,U30  B,BURNSIDE ST,State,Paved,3,72,3,10,0,0.00208449633793124
127736,542450,0,0.03,02_6769583,2,02_41,Oregon,I5,PACIFIC HWY,State,Paved,4,104,1,1,0,0.000308585436808864
127238,542850,0,0.03,02_6779613,2,02_41,Oregon, ,GLISAN ST,Municipal,Paved,4,40,3,10,0,0.000357005977886527
123408,540254,0,1.54,02_6683411,2,02_41,Oregon,I5,PACIFIC HWY,State,Paved,6,104,1,1,0,0.0143353365269101
126064,540941,0,0.06,02_6691153,2,02_41,Oregon,S8,TUALATIN VALLEY HWY,State,Paved,2,64,3,7,0,0.000785948150929981
126977,541915,0,1.1,02_6803084,2,02_53,Washington, ,NE 6TH AVE,Municipal,Paved,4,56,3,10,0,0.0138287378817929
125958,541317,0,0.35,02_6702443,2,02_41,Oregon,U30,ST HELENS RD,State,Paved,4,64,3,7,0,0.00386084938754035
127083,542171,0,0.51,02_6763207,2,02_41,Oregon,I205,E PORTLAND FRWY,State,Paved,6,88,1,1,0,0.00516053610993471
123253,542050,0,0.03,02_6759431,2,02_41,Oregon, , ,Municipal,Paved,4,88,2,10,0,0.000426518103567336
127132,542267,0,0.03,02_6764867,2,02_41,Oregon,S43N,MACADAM AV,State,Paved,2,64,3,10,0,0.000278006925464485
127095,542201,0,0.81,02_6763492,2,02_41,Oregon,S213,82ND AV,State,Paved,4,56,3,10,0,0.00732022600937753
127581,542910,0,0.48,02_6781398,2,02_41,Oregon,S213,82ND AV,State,Paved,4,72,3,10,0,0.00429777824095266
127630,542415,0,0.06,02_6767826,2,02_41,Oregon,U30  B,BURNSIDE ST,State,Paved,2,72,3,10,0,0.000816120047454025
126634,541996,0,0.37,02_6783209,2,02_53,Washington,S14,LEWIS AND CLARK HWY,State,Paved,4,96,2,7,0,0.00467501359473104
125423,541627,0,0.98,02_6722472,2,02_41,Oregon, ,MARINE DR,Municipal,Paved,2,56,4,8,0,0.0113793346931675
125460,540921,0,0.53,02_6689855,2,02_41,Oregon,U26,SUNSET HWY,State,Paved,4,88,2,7,0,0.00634412290995197
125472,540919,0,0.53,02_6690309,2,02_41,Oregon,U26,SUNSET HWY,State,Paved,4,88,2,7,0,0.0063814406052568
128257,543858,0,0.05,02_6817680,2,02_53,Washington,I205, ,State,Paved,6,96,1,1,0,0.000446299153972069
126193,541077,0,0.37,02_6695653,2,02_41,Oregon,I5,PACIFIC HWY,State,Paved,7,88,1,1,0,0.00346285759852459
122861,541153,0,1.25,02_6698292,2,02_41,Oregon,I5,PACIFIC HWY,State,Paved,7,88,1,1,0,0.0135199313781486
122947,541256,0,0.17,02_6700181,2,02_41,Oregon,S10,FARMINGTON RD,State,Paved,2,72,5,0,0,0.00215252973901891
125864,541291,0,0.61,02_6701204,2,02_41,Oregon,U26,SUNSET HWY,State,Paved,7,88,2,7,0,0.00735602982588143
123196,542399,0,0.08,02_6767691,2,02_41,Oregon,U30  B,BURNSIDE ST,State,Paved,2,72,3,10,0,0.00103219364658437
127865,542501,0,0.26,02_6770967,2,02_41,Oregon,U30  B,BURNSIDE ST,State,Paved,5,72,3,10,0,0.00334060127226195
127438,542619,0,0.06,02_6772506,2,02_41,Oregon,S99E,UNION AV,State,Paved,4,48,3,10,0,0.000508009842925236
127524,542935,0,0.19,02_6782402,2,02_41,Oregon,I205,E PORTLAND FRWY,State,Paved,7,88,1,1,0,0.00169339914559681
127275,542008,0,0.41,02_6788050,2,02_41,Oregon,I205,E PORTLAND FRWY,State,Paved,6,88,1,1,0,0.00451535859273971
128520,543581,0,0.26,02_6810129,2,02_53,Washington, ,C ST,Municipal,Paved,2,40,3,10,0,0.00230504889426619
127189,542800,0,0.37,02_6778276,2,02_41,Oregon,I205,E PORTLAND FRWY,State,Paved,6,88,1,1,0,0.00337745690967901
128271,543744,0,0.28,02_6814471,2,02_53,Washington,I5, ,State,Paved,8,96,1,1,0,0.00265114815253351
126207,541070,0,0.06,02_6696069,2,02_41,Oregon, , ,Municipal,Paved,2,72,3,10,0,0.000730600085274645
126256,541356,0,0.02,02_6703885,2,02_41,Oregon,I405,STADIUM EXWY,State,Paved,6,104,1,1,0,0.000235229821305381
127830,542517,0,0.05,02_6769962,2,02_41,Oregon, ,MORRISON ST,Municipal,Paved,2,80,4,7,0,0.000585192248354793
127928,543180,0,0.16,02_6790873,2,02_41,Oregon, , ,Municipal,Paved,2,72,3,10,0,0.00203800004551523
127916,543168,0,0.08,02_6790366,2,02_41,Oregon, , ,Municipal,Paved,6,72,3,10,0,0.000679124147250942
127879,542708,0,0.01,02_6774936,2,02_41,Oregon,I5,PACIFIC HWY,State,Paved,6,88,1,1,0,5.99995768553185E-05
126883,543562,0,0.1,02_6809475,2,02_53,Washington,I5, ,State,Paved,6,96,1,1,0,0.000926285769162221
128506,543578,0,0.09,02_6810003,2,02_53,Washington, ,W 14TH ST,Municipal,Paved,2,40,5,0,0,0.0010940080033492
128457,543630,0,0.04,02_6810889,2,02_53,Washington,S501,NW NEW LOWER RIVER RD,State,Paved,4,48,3,8,0,0.000511375415030675
128469,543521,0,0.51,02_6811022,2,02_53,Washington, ,E FOURTH PLAIN BLVD,Municipal,Paved,4,48,3,10,0,0.00651846425122599
126156,541133,0,0.04,02_6696745,2,02_41,Oregon, , ,Municipal,Paved,4,72,3,10,0,0.000380118953909349
126150,541128,0,0.02,02_6696689,2,02_41,Oregon, , ,Municipal,Paved,4,72,3,10,0,0.000192276362570088
123245,541993,0,1.76,02_6759159,2,02_41,Oregon,S43,MACADAM AV,State,Paved,3,72,3,10,0,0.016219336100437
127822,542498,0,0.02,02_6769887,2,02_41,Oregon,I5,PACIFIC HWY,State,Paved,4,104,1,1,0,0.000163893222256461
128065,543155,0,0.02,02_6790202,2,02_41,Oregon, , ,Municipal,Paved,6,72,3,10,0,0.000135003749691435
127573,542888,0,0.7,02_6780798,2,02_41,Oregon,U30  P,LOMBARD ST,State,Paved,4,72,3,7,0,0.00832545050388886
128314,543940,0,0.04,02_6819983,2,02_53,Washington,I205, ,State,Paved,4,96,1,1,0,0.000448445946762803
128071,543402,0,2.04,02_6803247,2,02_53,Washington,S500,NE EVERETT ST,State,Paved,2,80,4,0,0,0.0198896213696922
128320,543949,0,0,02_6820076,2,02_53,Washington,I205, ,State,Paved,4,96,1,1,0,6.70828781188707E-06
125658,540823,0,2.5,02_6686840,2,02_41,Oregon,S99W,W PACIFIC HWY,State,Paved,2,88,3,7,0,0.0283116778689723
125901,540973,0,0.55,02_6692175,2,02_41,Oregon,S8,TUALATIN VALLEY HWY,State,Paved,2,72,3,7,0,0.00694901114708599
125907,540938,0,0.5,02_6692462,2,02_41,Oregon,U26,SUNSET HWY,State,Paved,4,88,2,7,0,0.00603979406378429
126648,542988,0,0.47,02_6784173,2,02_41,Oregon,S224, ,State,Paved,2,88,3,10,0,0.00458138672441404
128563,543794,0,1.61,02_6818625,2,02_53,Washington, ,NE 112TH AV,Municipal,Paved,4,56,3,10,0,0.0145101224615228
126007,541042,0,0.21,02_6694911,2,02_41,Oregon,S99W,W PACIFIC HWY,State,Paved,2,88,3,7,0,0.00257159795443926
126001,541040,0,0.23,02_6694797,2,02_41,Oregon,S217,BEAVERTON-TIGARD HWY,State,Paved,4,88,2,7,0,0.00232730923726774
127673,542238,0,1.27,02_6766956,2,02_41,Oregon,S99E,MCLOUGHLIN BLVD,State,Paved,6,72,3,7,0,0.0123401123986426
127040,543025,0,0.53,02_6786743,2,02_41,Oregon,I84,COLUMBIA RIVER HWY,State,Paved,6,104,1,1,0,0.00671668648467136
123345,541618,0,1.44,02_6723867,2,02_53,Washington, ,NW LAKESHORE AV,Municipal,Paved,2,40,4,0,0,0.0148477436469445
128171,543957,0,0.06,02_6820191,2,02_53,Washington,I205, ,State,Paved,4,96,1,1,0,0.000689404103038849
126548,543493,0,0.31,02_6822542,2,02_53,Washington, ,NE FOURTH PLAIN RD,Municipal,Paved,4,64,3,10,0,0.00386195439626666
128165,543952,0,0.11,02_6820107,2,02_53,Washington, ,NE ANDRESEN RD,Municipal,Paved,4,72,4,0,0,0.0011214826016029
126050,540902,0,0,02_6689209,2,02_41,Oregon,S8,TUALATIN VALLEY HWY,State,Paved,4,64,3,7,0,3.00037304157286E-06
126199,541073,0,0.12,02_6695731,2,02_41,Oregon, , ,Municipal,Paved,2,72,3,10,0,0.00142342285169351
127773,542573,0,0.08,02_6771687,2,02_41,Oregon, , ,Municipal,Paved,2,40,3,10,0,0.00102400232556715
123202,542406,0,0.13,02_6767731,2,02_41,Oregon,U30  B,BURNSIDE ST,State,Paved,2,72,3,10,0,0.00166021266448097
122953,541415,0,0.01,02_6705251,2,02_41,Oregon, ,EVERETT ST,Municipal,Paved,2,72,4,8,0,0.000152003225865336
127530,542682,0,0.07,02_6774363,2,02_41,Oregon, ,GOING ST,Municipal,Paved,4,64,4,8,0,0.000855014937499743
127281,543075,0,0.02,02_6788091,2,02_41,Oregon,I205,E PORTLAND FRWY,State,Paved,6,88,1,1,0,0.000196400162768657
128363,543683,0,0.44,02_6812424,2,02_53,Washington, ,GRAND BLVD,Municipal,Paved,2,56,3,10,0,0.00475812608941737
128612,543792,0,1.06,02_6818454,2,02_53,Washington,I205, ,State,Paved,4,96,1,1,0,0.0103092792836677
128022,543201,0,0.85,02_6791484,2,02_41,Oregon, ,BURNSIDE RD,Municipal,Paved,4,72,3,7,0,0.0105294166786715
127332,542069,0,0.58,02_6760878,2,02_41,Oregon,S99E,MCLOUGHLIN BLVD,State,Paved,4,64,3,10,0,0.00521427662502564
126299,541454,0,0.18,02_6706548,2,02_41,Oregon,U30,ST HELENS RD,State,Paved,4,72,3,7,0,0.00198005473562033
127381,542170,0,0.78,02_6762613,2,02_41,Oregon,S224,MILWAUKIE EXWY,State,Paved,4,88,2,7,0,0.00931166666974153
126250,541350,0,0.14,02_6703809,2,02_41,Oregon,I405,STADIUM EXWY,State,Paved,6,104,1,1,0,0.00129719854736196
127873,542553,0,0.17,02_6771072,2,02_41,Oregon,S99E,UNION AV,State,Paved,4,48,3,10,0,0.00149309840169743
127922,543172,0,0.16,02_6790417,2,02_41,Oregon, , ,Municipal,Paved,6,72,3,0,0,0.00145277042446696
123053,542738,0,0.45,02_6775860,2,02_41,Oregon,S99E,UNION AV,State,Paved,4,88,3,8,0,0.004504346349405
128463,543629,0,0.08,02_6810950,2,02_53,Washington, ,E FOURTH PLAIN BLVD,Municipal,Paved,4,48,3,10,0,0.00100212990942624
128414,543785,0,0.05,02_6815873,2,02_53,Washington,I205, ,State,Paved,4,96,1,1,0,0.000563862271837145
126236,541117,0,0.02,02_6696599,2,02_41,Oregon, , ,Municipal,Paved,3,72,3,10,0,0.000206159095320313
127232,542846,0,0.08,02_6779558,2,02_41,Oregon,I205,E PORTLAND FRWY,State,Paved,6,88,1,1,0,0.000706999744032544
127896,542661,0,0.89,02_6775458,2,02_41,Oregon, ,KILLINGSWORTH ST,Municipal,Paved,2,64,4,0,0,0.0113570267010271
127564,542887,0,1.08,02_6780628,2,02_41,Oregon,U30 P,COLUMBIA BLVD,State,Paved,4,40,3,8,0,0.0137655156031927
128489,543574,0,0.13,02_6809517,2,02_53,Washington, ,W 15TH ST,Municipal,Paved,2,56,3,0,0,0.00163495797244875
125904,540974,0,0.83,02_6692285,2,02_41,Oregon, ,MURRAY BLVD,Municipal,Paved,4,72,3,7,0,0.00811283710895033
126900,543230,0,0.16,02_6792506,2,02_41,Oregon, , ,Municipal,Paved,2,72,3,10,0,0.00145516711357222
128560,543900,0,0.03,02_6818602,2,02_53,Washington,S500, ,State,Paved,5,88,2,7,0,0.000416159784965155
126923,541960,0,0.48,02_6754982,2,02_41,Oregon,I205,E PORTLAND FRWY,State,Paved,4,88,1,1,0,0.00578561771437265
123296,542023,0,0.37,02_6758613,2,02_41,Oregon,S99E,MCLOUGHLIN BLVD,State,Paved,4,64,3,10,0,0.00372186748309087
126259,541359,0,0.02,02_6703910,2,02_41,Oregon,I405,STADIUM EXWY,State,Paved,6,104,1,1,0,0.000228969514232652
122964,541421,0,0.12,02_6705342,2,02_41,Oregon, ,GLISAN ST,Municipal,Paved,2,72,4,8,0,0.00148024713810437
127802,542603,0,0.08,02_6772315,2,02_41,Oregon, ,VICTORIA AVE,Municipal,Paved,2,72,3,8,0,0.000741269766886538
127919,543171,0,0.08,02_6790396,2,02_41,Oregon, , ,Municipal,Paved,6,72,3,10,0,0.000825972466606083
128251,543848,0,0.09,02_6817590,2,02_53,Washington,I205, ,State,Paved,6,96,1,1,0,0.000805357695500359
127255,542867,0,0.16,02_6779831,2,02_41,Oregon,I84,COLUMBIA RIVER HWY,State,Paved,6,104,1,1,0,0.00175895679181455
127470,542764,0,1.57,02_6776813,2,02_41,Oregon,U30  P,LOMBARD ST,State,Paved,4,72,3,10,0,0.0197920550965867
127587,542915,0,0.05,02_6781521,2,02_41,Oregon,U30  P,KILLINGSWORTH ST,State,Paved,4,56,3,7,0,0.000684000446214057
128466,543526,0,0.74,02_6810979,2,02_53,Washington, ,E MILL PLAIN BLVD,Municipal,Paved,4,56,3,10,0,0.00927069754522971
125927,541004,0,0.76,02_6693800,2,02_41,Oregon,I5,PACIFIC HWY,State,Paved,6,104,1,1,0,0.00709843475151294
128583,543852,0,0.11,02_6817748,2,02_53,Washington,I205, ,State,Paved,6,96,1,1,0,0.00104401622932021
126946,541966,0,0.31,02_6756446,2,02_41,Oregon,S213,S CASCADE HWY,State,Paved,2,56,3,10,0,0.0030802351555437
125950,541026,0,0.1,02_6694407,2,02_41,Oregon,S99W,W PACIFIC HWY,State,Paved,2,88,3,7,0,0.00104009658249454
126282,541436,0,0.07,02_6705936,2,02_41,Oregon,U30, ,State,Paved,4,88,2,7,0,0.000883493605757091
123365,541468,0,0.74,02_6706799,2,02_41,Oregon,U30  P,LOMBARD ST,State,Paved,2,40,4,0,0,0.00910725390596805
127115,542237,0,0.51,02_6764315,2,02_41,Oregon,S10,FRONT ST,State,Paved,3,40,3,10,0,0.00462622780021987
127447,542626,0,0.08,02_6772755,2,02_41,Oregon,U26,POWELL BLVD,State,Paved,4,64,3,10,0,0.001042869359301
126614,543805,0,0.53,02_6816354,2,02_53,Washington, ,NE ANDERSEN AV,Municipal,Paved,4,56,3,10,0,0.00475048725874596
128606,543875,0,0.22,02_6818372,2,02_53,Washington,I205, ,State,Paved,6,96,1,1,0,0.00225170426157621
128443,543504,0,1.14,02_6814061,2,02_53,Washington, ,ST JOHNS RD,Municipal,Paved,2,56,3,10,0,0.0128933145800872
126021,540873,0,0.01,02_6687958,2,02_41,Oregon, ,MURRAY BLVD,Municipal,Paved,4,72,3,10,0,0.000123004442251759
128274,543742,0,0.08,02_6814545,2,02_53,Washington,I5, ,State,Paved,8,96,1,1,0,0.000735646193903941
127610,542651,0,0.07,02_6774092,2,02_41,Oregon, ,39TH AV,Municipal,Paved,2,88,3,10,0,0.000636875797664854
126353,541379,0,0.09,02_6704767,2,02_41,Oregon,U26, ,State,Paved,3,40,4,0,0,0.00106309492380594
127779,542376,0,0.21,02_6771747,2,02_41,Oregon, ,VANCOUVER AVE,Municipal,Paved,2,40,4,8,0,0.00196423605877988
127942,543245,0,0.16,02_6793085,2,02_41,Oregon, , ,Municipal,Paved,2,72,3,10,0,0.00142395006079899
126783,543002,0,2.01,02_6789529,2,02_53,Washington, , ,Municipal,Paved,4,64,3,10,0,0.025763462040354
127278,543077,0,0.03,02_6788073,2,02_41,Oregon,I205,E PORTLAND FRWY,State,Paved,6,88,1,1,0,0.000354200389058858
127424,542108,0,0.09,02_6761562,2,02_41,Oregon,S213,S CASCADE HWY,State,Paved,2,72,3,10,0,0.000848302879506983
125998,541039,0,0.3,02_6694734,2,02_41,Oregon,S217,BEAVERTON-TIGARD HWY,State,Paved,4,88,2,7,0,0.00266376955684667
127301,542057,0,0.71,02_6760087,2,02_41,Oregon,S99E,MCLOUGHLIN BLVD,State,Paved,6,72,3,7,0,0.00648173406335836
127092,542163,0,0.49,02_6763416,2,02_41,Oregon,S213,82ND AV,State,Paved,4,56,3,10,0,0.00444561095506321
127756,542562,0,0.11,02_6771180,2,02_41,Oregon,S99E,GRAND AV,State,Paved,4,48,3,10,0,0.000968056808429574
127633,542416,0,0.16,02_6767845,2,02_41,Oregon, ,6TH AVE,Municipal,Paved,2,56,5,8,0,0.00142975278339965
125666,540838,0,0.07,02_6687162,2,02_41,Oregon,S10,FARMINGTON RD,State,Paved,2,64,3,10,0,0.000841343938206221
127965,543256,0,0.16,02_6793715,2,02_41,Oregon, , ,Municipal,Paved,2,56,3,10,0,0.00141002266068385
126637,541906,0,0.38,02_6783249,2,02_53,Washington,I205, ,State,Paved,7,96,1,1,0,0.00358215292303871
126760,543095,0,0.18,02_6788820,2,02_53,Washington,S14,LEWIS AND CLARK HWY,State,Paved,4,96,2,7,0,0.00225908931604265
123342,541653,0,0.07,02_6723738,2,02_53,Washington, ,NW 78TH ST,Municipal,Paved,2,56,3,10,0,0.000894236960568978
128420,543795,0,1.3,02_6815958,2,02_53,Washington, ,E FOURTH PLAIN BLVD,Municipal,Paved,4,48,3,10,0,0.0163030463055845
128297,543927,0,1.15,02_6819350,2,02_53,Washington, ,NE 83RD ST,Municipal,Paved,4,72,3,10,0,0.014383348677159
126096,540842,0,1.67,02_6687316,2,02_41,Oregon,S210,SCHOLLS FERRY RD,State,Paved,2,64,5,0,0,0.0202843974393681
127324,542078,0,0.31,02_6760797,2,02_41,Oregon,I205,E PORTLAND FRWY,State,Paved,6,88,1,1,0,0.00382357484973925
126144,541176,0,0.08,02_6698012,2,02_41,Oregon,I5,PACIFIC HWY,State,Paved,6,88,1,1,0,0.000793271895591722
127395,542184,0,0.31,02_6763106,2,02_41,Oregon,I205,E PORTLAND FRWY,State,Paved,6,88,1,1,0,0.00303328827977535
127733,542480,0,0.01,02_6769218,2,02_41,Oregon,I5,PACIFIC HWY,State,Paved,4,104,1,1,0,7.45184009038389E-05
128059,543122,0,0.6,02_6790149,2,02_41,Oregon, ,DIVISION ST,Municipal,Paved,2,64,3,10,0,0.00771023728691177
127988,543045,0,1.07,02_6787299,2,02_41,Oregon, ,GLISAN ST,Municipal,Paved,4,64,3,10,0,0.0136451390303545
126067,540951,0,0.44,02_6691368,2,02_41,Oregon, ,185TH AV,Municipal,Paved,6,72,3,10,0,0.00394038611771564
127069,543295,0,0.28,02_6794754,2,02_53,Washington, ,NE 6TH AVE,Municipal,Paved,4,88,2,0,0,0.00331077986315837
128397,543769,0,0.6,02_6815271,2,02_53,Washington, ,NE ST JOHNS RD,Municipal,Paved,4,72,4,0,0,0.00658132406592016
123388,541483,0,0.69,02_6708111,2,02_41,Oregon, ,COLUMBIA BLVD,Municipal,Paved,4,40,3,8,0,0.00849273323209428
127710,542331,0,0.01,02_6766256,2,02_41,Oregon,S43N,MACADAM AV,State,Paved,2,64,3,10,0,0.000129807383443015
128011,543164,0,1.72,02_6791118,2,02_41,Oregon, ,GLISAN ST,Municipal,Paved,4,64,3,10,0,0.0219602193553208
128374,543692,0,0.54,02_6812684,2,02_53,Washington,S14,LEWIS AND CLARK HWY,State,Paved,4,96,2,7,0,0.00694864448855029
127046,543279,0,0.43,02_6793882,2,02_53,Washington,S14,LEWIS AND CLARK HWY,State,Paved,5,96,2,7,0,0.0053052119516086
126167,541146,0,0.08,02_6696916,2,02_41,Oregon, ,SW STAFFORD RD,Municipal,Paved,2,88,4,0,0,0.000831609121523428
126044,540898,0,0.21,02_6689073,2,02_41,Oregon, ,CORNELL RD,Municipal,Paved,4,72,3,7,0,0.00263394307667689
127372,542159,0,0.16,02_6762491,2,02_41,Oregon,S212,CARVER HWY,State,Paved,5,56,3,7,0,0.00205756948031846
122870,540992,0,0.4,02_6698486,2,02_41,Oregon,S43,BOONES FERRY RD,State,Paved,4,56,3,7,0,0.00417833896529118
126190,541074,0,0.35,02_6695629,2,02_41,Oregon,I5,PACIFIC HWY,State,Paved,7,88,1,1,0,0.00324336829567987
122941,541246,0,0.19,02_6700110,2,02_41,Oregon,S8,CANYON RD,State,Paved,2,88,3,7,0,0.00236913932747017
127687,542305,0,0.09,02_6765712,2,02_41,Oregon,U26, ,State,Paved,2,80,4,0,0,0.00105879985805921
126359,541381,0,0.07,02_6704808,2,02_41,Oregon,I405,STADIUM EXWY,State,Paved,4,104,1,1,0,0.000629882512299746
127441,542218,0,0.82,02_6772551,2,02_41,Oregon,S99E,UNION AV,State,Paved,4,48,3,10,0,0.00735720509984251
127023,543014,0,1.11,02_6786115,2,02_41,Oregon,U26,POWELL BLVD,State,Paved,4,56,3,10,0,0.014147673030254
128280,543755,0,0.05,02_6814961,2,02_53,Washington,I5, ,State,Paved,8,96,1,1,0,0.000446717364895349
127518,542933,0,0.01,02_6782251,2,02_41,Oregon, ,COLUMBIA BLVD,Municipal,Paved,2,72,3,8,0,0.000134473688933175
126854,543534,0,0.62,02_6808818,2,02_41,Oregon,I5,PACIFIC HWY,State,Paved,6,104,1,1,0,0.00610484126089808
126777,543108,0,0.26,02_6789440,2,02_53,Washington, ,SE 164TH AV,Municipal,Paved,6,64,3,10,0,0.00230649362494094
128351,543676,0,0.37,02_6812236,2,02_53,Washington,I5, ,State,Paved,6,96,1,1,0,0.00335503722153646
126113,540870,0,0.14,02_6687926,2,02_41,Oregon, , ,Municipal,Paved,4,72,3,10,0,0.00173392501892393
125449,540905,0,0.16,02_6689467,2,02_41,Oregon, , ,Municipal,Paved,4,72,3,0,0,0.00185267643678691
127418,542065,0,0.53,02_6761495,2,02_41,Oregon,S213,S CASCADE HWY,State,Paved,2,88,3,10,0,0.00480063896003589
126213,541094,0,0.1,02_6696141,2,02_41,Oregon, , ,Municipal,Paved,2,72,3,10,0,0.00109779404406616
122918,541210,0,0.15,02_6699359,2,02_41,Oregon,S99W,BARBUR BLVD,State,Paved,2,72,3,10,0,0.00168903858998279
126336,541289,0,0.06,02_6701071,2,02_41,Oregon,S8,CANYON RD,State,Paved,2,88,3,10,0,0.000753806587814285
127664,542345,0,0.08,02_6766505,2,02_41,Oregon,S99W,FRONT ST,State,Paved,2,72,4,0,0,0.000733682355740392
127541,542691,0,0.01,02_6774468,2,02_41,Oregon, ,KILLINGSWORTH ST,Municipal,Paved,2,88,4,0,0,0.000112999977929462
126877,543555,0,0.1,02_6809388,2,02_53,Washington,S14,LEWIS AND CLARK HWY,State,Paved,5,88,2,7,0,0.00113141987889012
125426,541631,0,0.28,02_6722512,2,02_41,Oregon, ,N PACIFIC GATEWAY BLVD,Municipal,Paved,2,48,3,8,0,0.00300253552357089
126090,540845,0,0.16,02_6687262,2,02_41,Oregon, , ,Municipal,Paved,2,72,3,10,0,0.00180310198269491
128082,543398,0,1.23,02_6803634,2,02_53,Washington, ,NE 3RD AVE,Municipal,Paved,2,48,3,10,0,0.0158073479359693
127309,542075,0,0.15,02_6760316,2,02_41,Oregon,S99E,MCLOUGHLIN BLVD,State,Paved,4,48,3,10,0,0.00175014729962226
126230,541111,0,0.03,02_6696251,2,02_41,Oregon, , ,Municipal,Paved,3,72,3,10,0,0.000329776437869449
126313,541262,0,0.04,02_6700294,2,02_41,Oregon,S10,BEAVERTON-HILLSBORO HWY,State,Paved,2,56,5,0,0,0.000378021014768603
125981,541343,0,0.04,02_6703255,2,02_41,Oregon,S8,CANYON RD,State,Paved,2,88,3,10,0,0.00042188103610088
126906,543239,0,0.04,02_6792910,2,02_41,Oregon, , ,Municipal,Paved,4,40,3,10,0,0.000337361063913734
127155,542956,0,0.02,02_6782593,2,02_41,Oregon,U30  P,COLUMBIA BLVD,State,Paved,5,72,3,8,0,0.000182235841645302
127902,542663,0,0.89,02_6775605,2,02_41,Oregon,U30  P,LOMBARD ST,State,Paved,4,56,3,10,0,0.0113675256504366
128234,543840,0,0.02,02_6817069,2,02_53,Washington,I205, ,State,Paved,7,96,1,1,0,0.000159326549612182
128483,543655,0,0.21,02_6811469,2,02_53,Washington, , ,Municipal,Paved,4,56,3,10,0,0.00207030185509099
125921,540987,0,1.77,02_6693303,2,02_41,Oregon,S99W,W PACIFIC HWY,State,Paved,2,88,3,7,0,0.0173657123528732
126136,541174,0,0.08,02_6697901,2,02_41,Oregon,I5,PACIFIC HWY,State,Paved,6,88,1,1,0,0.0008152373563216
122933,541253,0,0.09,02_6699738,2,02_41,Oregon,S10,FARMINGTON RD,State,Paved,4,48,3,10,0,0.001180001701923
123265,542058,0,0.12,02_6760045,2,02_41,Oregon, , ,Municipal,Paved,4,88,2,10,0,0.00141269957268324
127593,542640,0,0.16,02_6773503,2,02_41,Oregon, ,39TH AV,Municipal,Paved,4,72,3,10,0,0.00142705216258488
122970,541426,0,0.05,02_6705697,2,02_41,Oregon,I405,STADIUM EXWY,State,Paved,4,104,1,1,0,0.000440113911931798
127796,542601,0,0.02,02_6771922,2,02_41,Oregon, ,WEIDLER ST,Municipal,Paved,3,80,3,10,0,0.000208011533548977
127249,542863,0,0.09,02_6779761,2,02_41,Oregon,I205,E PORTLAND FRWY,State,Paved,7,88,1,1,0,0.000836251216707448
127261,542871,0,0.17,02_6780261,2,02_41,Oregon,I205,E PORTLAND FRWY,State,Paved,6,88,1,1,0,0.00156759533792874
127464,542761,0,0.09,02_6776577,2,02_41,Oregon,S99E,UNION AV,State,Paved,4,88,3,8,0,0.000847663758997319
128589,543871,0,0.08,02_6817861,2,02_53,Washington,S500, ,State,Paved,4,88,2,7,0,0.000961608645278941
127856,542542,0,0.01,02_6770548,2,02_41,Oregon,U30  B,BURNSIDE ST,State,Paved,4,80,3,10,0,0.000187205990940889
128529,543531,0,0.05,02_6810262,2,02_53,Washington,S14,LEWIS AND CLARK HWY,State,Paved,5,88,2,7,0,0.000570463968041718
126860,543545,0,0.13,02_6808875,2,02_53,Washington,I5, ,State,Paved,6,104,1,1,0,0.00136404715417448
128188,543967,0,0.16,02_6820900,2,02_53,Washington,S503,NE 117TH AV,State,Paved,2,56,3,7,0,0.00145900717139154
126219,541072,0,0.06,02_6696182,2,02_41,Oregon, , ,Municipal,Paved,3,72,3,10,0,0.000649647671514618
122924,541218,0,0.36,02_6699514,2,02_41,Oregon,S99W,BARBUR BLVD,State,Paved,2,56,3,10,0,0.00414109765066405
125887,541311,0,0.21,02_6701909,2,02_41,Oregon,S10,BEAVERTON-HILLSBORO HWY,State,Paved,4,56,3,10,0,0.00266524365517671
125875,541299,0,0.35,02_6701455,2,02_41,Oregon,S8,CANYON RD,State,Paved,2,88,3,10,0,0.00406059884496297
123219,542294,0,0.02,02_6765172,2,02_41,Oregon,U26W,KELLY AV,State,Paved,2,40,4,0,0,0.000259607839649958
127842,542523,0,0.08,02_6770394,2,02_41,Oregon, ,BELMONT ST,Municipal,Paved,2,72,3,7,0,0.00104405751725992
127215,542826,0,0.39,02_6778885,2,02_41,Oregon,I205,E PORTLAND FRWY,State,Paved,6,88,1,1,0,0.00354031147086299
127547,542668,0,0.14,02_6774839,2,02_41,Oregon, ,KILLINGSWORTH ST,Municipal,Paved,2,64,4,0,0,0.00181815949082421
127510,542920,0,0.89,02_6781807,2,02_41,Oregon,S213,82ND AV,State,Paved,4,88,3,8,0,0.00798099802380513
128543,543617,0,0.09,02_6810754,2,02_53,Washington, ,W 15TH ST,Municipal,Paved,2,56,3,0,0,0.0011580437116794
127401,542071,0,0.16,02_6760985,2,02_41,Oregon,S99E,MCLOUGHLIN BLVD,State,Paved,6,64,3,10,0,0.00153097063924657
127407,542103,0,0.13,02_6761053,2,02_41,Oregon,S99E,MCLOUGHLIN BLVD,State,Paved,6,64,3,10,0,0.00114451801657974
126322,541270,0,0.24,02_6700619,2,02_41,Oregon,S8,CANYON RD,State,Paved,2,88,3,7,0,0.00295775864076508
127656,542339,0,0.01,02_6766396,2,02_41,Oregon,I5,PACIFIC HWY,State,Paved,4,104,1,1,0,0.000102315437865621
127650,542426,0,0.11,02_6768302,2,02_41,Oregon,S99W,FRONT ST,State,Paved,2,72,4,0,0,0.00103317157137962
123073,542752,0,0.46,02_6776428,2,02_41,Oregon,I5,PACIFIC HWY,State,Paved,6,104,1,1,0,0.00437153009168687
126073,540957,0,0.01,02_6691798,2,02_41,Oregon, ,185TH AV,Municipal,Paved,5,40,3,10,0,6.40311730112215E-05
127063,543289,0,0.06,02_6794339,2,02_53,Washington,S14, ,State,Paved,4,88,2,7,0,0.00065869618392189
122878,541212,0,0.31,02_6699187,2,02_41,Oregon,S99W,BARBUR BLVD,State,Paved,2,88,3,10,0,0.00349316484629736
123179,542366,0,0.08,02_6767224,2,02_41,Oregon,S99E,UNION AV,State,Paved,4,48,3,7,0,0.000687276094585205
123173,542363,0,0.08,02_6767158,2,02_41,Oregon,S99E,UNION AV,State,Paved,4,56,3,7,0,0.000707511606371442
127501,542886,0,0.76,02_6781727,2,02_41,Oregon, ,COLUMBIA BLVD,Municipal,Paved,2,40,3,8,0,0.00956356394327181
128337,543664,0,0.11,02_6811671,2,02_53,Washington, , ,Municipal,Paved,4,88,2,0,0,0.00128159504185531
128343,543669,0,0.16,02_6811781,2,02_53,Washington, , ,Municipal,Paved,4,88,2,0,0,0.00205067697591095
126173,541136,0,0.53,02_6697319,2,02_41,Oregon,I205,E PORTLAND FRWY,State,Paved,4,104,1,1,0,0.00664714970577165
128042,543133,0,0.08,02_6789672,2,02_41,Oregon, , ,Municipal,Paved,6,72,3,10,0,0.000757019402376129
128048,543121,0,0.11,02_6789769,2,02_41,Oregon, , ,Municipal,Paved,6,72,3,10,0,0.00102011028647586
126276,541377,0,0,02_6704625,2,02_41,Oregon,U26,SUNSET HWY,State,Paved,7,88,2,7,0,5.14972959837765E-05
127355,542141,0,0.41,02_6762299,2,02_41,Oregon,I205,E PORTLAND FRWY,State,Paved,6,88,1,1,0,0.00388347407715108
127109,542004,0,1.29,02_6764136,2,02_41,Oregon,S10,W PACIFIC HWY,State,Paved,2,88,3,10,0,0.013070224301435
127604,542653,0,0.02,02_6773715,2,02_41,Oregon,U30  B,SANDY BLVD,State,Paved,3,72,3,10,0,0.000232723360926136
127850,542533,0,0.08,02_6770492,2,02_41,Oregon,S99E,UNION AV,State,Paved,4,48,3,10,0,0.000723000416298752
126768,543098,0,0.4,02_6789021,2,02_41,Oregon,U30  P,SANDY BLVD,State,Paved,2,72,3,10,0,0.00499059802489476
125440,541644,0,0.11,02_6723497,2,02_53,Washington,S501,NW NEW LOWER RIVER RD,State,Paved,2,56,3,8,0,0.00132200688862095
128437,543719,0,0.13,02_6813639,2,02_53,Washington,S500, ,State,Paved,4,88,2,7,0,0.00160618561893737
126027,540877,0,0.02,02_6688129,2,02_41,Oregon, , ,Municipal,Paved,4,72,3,0,0,0.000196086274103781
127948,543253,0,0,02_6793196,2,02_41,Oregon,I84,COLUMBIA RIVER HWY,State,Paved,6,104,1,1,0,3.11447860858708E-05
125194,541594,0,0.55,02_6720173,2,02_41,Oregon,U30, ,State,Paved,4,64,3,7,0,0.00619071899436053
126127,541157,0,0.22,02_6697474,2,02_41,Oregon,I5,PACIFIC HWY,State,Paved,6,88,1,1,0,0.00202411969568009
122881,541213,0,0.19,02_6699222,2,02_41,Oregon,S99W,BARBUR BLVD,State,Paved,2,88,3,10,0,0.0021622582266276
125881,541305,0,0.01,02_6701849,2,02_41,Oregon,U26,SUNSET HWY,State,Paved,6,88,2,7,0,0.000160962780718082
127455,542634,0,0.18,02_6773317,2,02_41,Oregon,U30  B,SANDY BLVD,State,Paved,3,72,3,10,0,0.00217255715270464
127750,542555,0,0.02,02_6771133,2,02_41,Oregon, , ,Municipal,Paved,2,40,3,10,0,0.00021100225717882
127996,543055,0,0.17,02_6787735,2,02_41,Oregon, , ,Municipal,Paved,4,72,3,10,0,0.00215302346297711
127209,542813,0,0.39,02_6778826,2,02_41,Oregon,I205,E PORTLAND FRWY,State,Paved,6,88,1,1,0,0.00354289874777769
128537,543611,0,0.04,02_6810690,2,02_53,Washington,S14,LEWIS AND CLARK HWY,State,Paved,4,96,2,7,0,0.0005760139181431
126963,543387,0,0.03,02_6802435,2,02_41,Oregon, ,238TH DR,Municipal,Paved,5,40,4,7,0,0.000301001297806534
128291,543760,0,0.26,02_6815078,2,02_53,Washington,I5, ,State,Paved,8,96,1,1,0,0.00236329245626566
127315,542085,0,0.11,02_6760401,2,02_41,Oregon,S43,WILLAMETTE DR,State,Paved,2,40,3,7,0,0.00123885916787669
126153,541122,0,0.08,02_6696717,2,02_41,Oregon, , ,Municipal,Paved,4,72,3,10,0,0.000770793027788295
123236,542308,0,0.09,02_6765675,2,02_41,Oregon,U26, ,State,Paved,2,80,4,0,0,0.00105905905434557
127647,542432,0,0.02,02_6768276,2,02_41,Oregon,S99W,FRONT ST,State,Paved,2,72,4,0,0,0.000192467043082185
127813,542380,0,0.17,02_6769787,2,02_41,Oregon, ,VANCOUVER AVE,Municipal,Paved,2,72,4,8,0,0.00176848248543062
127149,542950,0,0.02,02_6782520,2,02_41,Oregon,U30  P,COLUMBIA BLVD,State,Paved,5,72,3,8,0,0.0002445178802524
123070,542756,0,0,02_6776410,2,02_41,Oregon,I5,PACIFIC HWY,State,Paved,6,104,1,1,0,1.36014367631622E-05
126651,542983,0,1.39,02_6784411,2,02_41,Oregon,S212,CLACKAMAS-BORING HWY,State,Paved,2,72,3,7,0,0.0169875321045013
128572,543862,0,0.48,02_6819155,2,02_53,Washington,S500, ,State,Paved,5,88,2,7,0,0.00569388777466098
128311,543937,0,0.08,02_6819608,2,02_53,Washington,I205, ,State,Paved,4,96,1,1,0,0.00090365085264081
126296,541453,0,1.62,02_6706498,2,02_41,Oregon, ,FRONT AVE,Municipal,Paved,2,48,5,8,0,0.0177016014774294
122927,541224,0,0.23,02_6699574,2,02_41,Oregon,S99W,BARBUR BLVD,State,Paved,2,56,3,10,0,0.00291219953587392
127458,542633,0,0.61,02_6773349,2,02_41,Oregon,I84,COLUMBIA RIVER HWY,State,Paved,6,104,1,1,0,0.00775327824528622
127790,542597,0,0.01,02_6771880,2,02_41,Oregon, ,BROADWAY,Municipal,Paved,3,72,3,8,0,0.000152002726272576
127292,543087,0,0.27,02_6788647,2,02_53,Washington,I205, ,State,Paved,8,96,1,1,0,0.00246929456051293
128454,543624,0,0.27,02_6810828,2,02_53,Washington,I5, ,State,Paved,6,96,1,1,0,0.00254883634466684
127956,543261,0,0.08,02_6793313,2,02_41,Oregon, , ,Municipal,Paved,4,56,3,10,0,0.000740001065519701
128288,543762,0,0.2,02_6815054,2,02_53,Washington,I5, ,State,Paved,8,96,1,1,0,0.00181176857561703
127364,542154,0,0.39,02_6762388,2,02_41,Oregon,I205,E PORTLAND FRWY,State,Paved,6,88,1,1,0,0.00361762821672327
127696,542236,0,0.31,02_6765796,2,02_41,Oregon,I5,PACIFIC HWY,State,Paved,6,104,1,1,0,0.00277319676161922
122950,538090,0,0.04,02_6705215,2,02_41,Oregon,U30  B,BURNSIDE ST,State,Paved,2,72,3,10,0,0.000530415601496644
126365,541401,0,0.01,02_6705143,2,02_41,Oregon,I405,STADIUM EXWY,State,Paved,4,104,1,1,0,0.000111399946917232
127435,542618,0,0,02_6772454,2,02_41,Oregon,S99E,GRAND AV,State,Paved,2,72,3,10,0,3.00005333571107E-05
127029,543026,0,0.17,02_6786286,2,02_41,Oregon, , ,Municipal,Paved,2,72,3,10,0,0.00211305013685319
125443,541647,0,0.03,02_6723561,2,02_53,Washington, ,RIVER RD,Municipal,Paved,2,56,3,0,0,0.000380160746696859
128360,543520,0,0.93,02_6812362,2,02_53,Washington, ,E MILL PLAIN BLVD,Municipal,Paved,4,56,3,10,0,0.0119234899991438
126602,543803,0,0.46,02_6816208,2,02_53,Washington, ,NE ANDERSEN AV,Municipal,Paved,4,56,3,10,0,0.00417277220634709
126033,540881,0,0.6,02_6688234,2,02_41,Oregon, ,MURRAY BLVD,Municipal,Paved,4,72,3,10,0,0.00540702919672716
128025,543206,0,0.1,02_6791853,2,02_41,Oregon,U26,POWELL BLVD,State,Paved,4,56,3,10,0,0.0012977358475437
126010,541051,0,0.24,02_6695293,2,02_41,Oregon,S217,BEAVERTON-TIGARD HWY,State,Paved,4,88,2,7,0,0.00265225553159541
123379,541477,0,0.31,02_6707443,2,02_41,Oregon, ,GREELEY AV,Municipal,Paved,2,72,4,0,0,0.00297696713821883
125961,541320,0,0.54,02_6702509,2,02_41,Oregon, ,N TERMINAL RD,Municipal,Paved,2,72,5,8,0,0.00686901789533201
127670,542348,0,0.3,02_6766609,2,02_41,Oregon, ,HOLGATE BLVD,Municipal,Paved,2,72,3,8,0,0.00329288669806014
127719,542469,0,0,02_6769002,2,02_41,Oregon, ,INTERSTATE AV,Municipal,Paved,4,80,4,8,0,3.93194361444692E-05
125420,541626,0,0.16,02_6722412,2,02_41,Oregon, ,PORT ACCESS RD,Municipal,Paved,2,72,5,8,0,0.00157220885060445
126625,543822,0,0.17,02_6816950,2,02_53,Washington,S500, ,State,Paved,4,88,2,7,0,0.00203561127661717
126084,540969,0,0.21,02_6692019,2,02_41,Oregon,S10,FARMINGTON RD,State,Paved,4,56,3,10,0,0.00262560324141418
126957,543380,0,0.97,02_6802240,2,02_41,Oregon, ,242ND DR,Municipal,Paved,2,72,3,7,0,0.00877072280553969
125990,541032,0,0.11,02_6694575,2,02_41,Oregon,S210,SCHOLLS FERRY RD,State,Paved,4,56,4,10,0,0.00117210832732376
126316,541243,0,0.28,02_6700345,2,02_41,Oregon,S8,CANYON RD,State,Paved,2,88,3,7,0,0.00356895275777284
127739,542379,0,0.42,02_6769601,2,02_41,Oregon, ,BROADWAY AV,Municipal,Paved,4,72,3,8,0,0.00485802810924738
123162,538113,0,0.64,02_6768851,2,02_41,Oregon,I405, ,State,Paved,6,104,1,1,0,0.00686095184298445
127241,542853,0,0.35,02_6779632,2,02_41,Oregon,I205,E PORTLAND FRWY,State,Paved,6,88,1,1,0,0.00315599075094623
127905,542728,0,0.4,02_6775669,2,02_41,Oregon,I5,PACIFIC HWY,State,Paved,6,88,1,1,0,0.00376708837632252
128480,543658,0,0.07,02_6811447,2,02_53,Washington, ,MAIN ST,Municipal,Paved,4,56,3,10,0,0.000631403339756455
126061,540940,0,1.7,02_6690902,2,02_41,Oregon, ,185TH AV,Municipal,Paved,4,72,3,10,0,0.0153218101006556
127982,543043,0,1.15,02_6787030,2,02_41,Oregon,U26,POWELL BLVD,State,Paved,4,56,3,10,0,0.0143534788332521
128403,543775,0,0.04,02_6815413,2,02_53,Washington,I205, ,State,Paved,4,96,1,1,0,0.00050355749302887
126980,543404,0,0.88,02_6803170,2,02_53,Washington,S500,NE 58TH ST,State,Paved,2,80,4,0,0,0.00802628176444792
127341,542131,0,0.32,02_6761730,2,02_41,Oregon,S213,S CASCADE HWY,State,Paved,2,88,3,10,0,0.00291126615219822
126339,541282,0,0.07,02_6701093,2,02_41,Oregon,S217,BEAVERTON-TIGARD HWY,State,Paved,4,88,2,7,0,0.000623257227607965
127833,542513,0,0.03,02_6770288,2,02_41,Oregon, ,MORRISON ST,Municipal,Paved,2,72,4,7,0,0.000437000986155032
127839,542509,0,0.16,02_6770362,2,02_41,Oregon, ,BELMONT ST,Municipal,Paved,2,56,3,7,0,0.00199715801927356
128005,543191,0,0.11,02_6791020,2,02_41,Oregon, , ,Municipal,Paved,6,72,3,10,0,0.00102407332587724
127882,542707,0,0.01,02_6774955,2,02_41,Oregon,U30  P,LOMBARD ST,State,Paved,4,56,4,0,0,0.000180002701405775
128497,543584,0,0.09,02_6809631,2,02_53,Washington, ,WASHINGTON ST,Municipal,Paved,3,40,3,10,0,0.00081327095122105
128503,543577,0,0.25,02_6809668,2,02_53,Washington, ,WASHINGTON ST,Municipal,Paved,3,40,3,10,0,0.00229334931181457
128546,543615,0,0.3,02_6810791,2,02_53,Washington,I5, ,State,Paved,6,96,1,1,0,0.00285408435259836
128380,543516,0,0.07,02_6813186,2,02_53,Washington, , ,Municipal,Paved,4,88,2,0,0,0.000920009485345404
128331,543640,0,0.3,02_6811562,2,02_53,Washington,I5, ,State,Paved,6,96,1,1,0,0.00283587636129917
128552,543892,0,0.37,02_6818507,2,02_53,Washington,I205, ,State,Paved,6,96,1,1,0,0.00344201615413164
125941,541009,0,0.47,02_6694005,2,02_41,Oregon,I5,PACIFIC HWY,State,Paved,6,88,1,1,0,0.00440832912731281
125867,541293,0,0.41,02_6701279,2,02_41,Oregon,U26,SUNSET HWY,State,Paved,7,88,2,7,0,0.00499110476927204
123285,542019,0,0.88,02_6757678,2,02_41,Oregon,S43,WELLS ST,State,Paved,4,56,3,7,0,0.00904681385783729
127690,542311,0,0.09,02_6765731,2,02_41,Oregon,U26, ,State,Paved,2,80,4,0,0,0.0010763284785877
127862,542537,0,0.3,02_6770606,2,02_41,Oregon,I84,EXIT,State,Paved,6,104,1,1,0,0.00281631192202214
127272,543006,0,0.95,02_6787959,2,02_41,Oregon,I84,COLUMBIA RIVER HWY,State,Paved,6,104,1,1,0,0.0121592131705516
128523,543603,0,0.17,02_6810161,2,02_53,Washington,S501,NW NEW LOWER RIVER RD,State,Paved,2,48,3,8,0,0.00221214114351288
126608,543807,0,0.56,02_6816258,2,02_53,Washington,S500, ,State,Paved,4,88,2,7,0,0.00721751031061136
128354,543674,0,0.19,02_6812268,2,02_53,Washington, ,NW 78TH ST,Municipal,Paved,2,56,3,10,0,0.00238543538092579
127198,542803,0,0.03,02_6778688,2,02_41,Oregon,U26,POWELL BLVD,State,Paved,5,56,3,10,0,0.000396285039447867
128031,543214,0,0.16,02_6791970,2,02_41,Oregon, , ,Municipal,Paved,2,72,3,10,0,0.00145511326696573
125918,540806,0,1.07,02_6693155,2,02_41,Oregon,S99W,W PACIFIC HWY,State,Paved,2,88,3,7,0,0.0126898701342163
125967,541330,0,0.4,02_6702635,2,02_41,Oregon, ,IVANHOE ST,Municipal,Paved,2,56,5,8,0,0.00419019598788621
123262,542055,0,0.12,02_6759991,2,02_41,Oregon,S224,MILWAUKIE EXWY,State,Paved,4,88,2,7,0,0.00124631333880713
123213,542281,0,0.31,02_6765083,2,02_41,Oregon,U26E,FRONT ST,State,Paved,2,48,4,0,0,0.0027980482257923
127713,542317,0,0.02,02_6766305,2,02_41,Oregon,U26,POWELL BLVD,State,Paved,3,40,3,10,0,0.000264834404125056
127123,542258,0,0.04,02_6764460,2,02_41,Oregon,I5,PACIFIC HWY,State,Paved,6,88,1,1,0,0.000361707534333928
127172,542968,0,0.01,02_6783137,2,02_41,Oregon, ,UNKNOWN,Municipal,Paved,2,72,3,0,0,0.000106212436436004
126631,542970,0,0.42,02_6783179,2,02_53,Washington,S14,LEWIS AND CLARK HWY,State,Paved,4,96,2,7,0,0.0052251915259975
127049,543282,0,0.06,02_6793951,2,02_53,Washington,S14,LEWIS AND CLARK HWY,State,Paved,4,96,2,7,0,0.000807807956474615
123336,541652,0,0.06,02_6723626,2,02_53,Washington, ,W 16TH ST,Municipal,Paved,2,56,3,0,0,0.000777640673448863
127321,542076,0,0.29,02_6760750,2,02_41,Oregon, ,MOLALLA AV,Municipal,Paved,2,56,4,0,0,0.00292506267983113
126159,541066,0,0.11,02_6696769,2,02_41,Oregon, , ,Municipal,Paved,4,72,3,10,0,0.00105539047198014
126147,541189,0,0.02,02_6698037,2,02_41,Oregon,S99W,BARBUR BLVD,State,Paved,2,88,3,10,0,0.000240260388057237
123242,542038,0,0,02_6759058,2,02_41,Oregon,S99W,BARBUR BLVD,State,Paved,2,88,3,10,0,2.50203198938861E-05
127819,542382,0,0.08,02_6769844,2,02_41,Oregon,I5,PACIFIC HWY,State,Paved,4,104,1,1,0,0.000784423924548486
128068,543153,0,0.08,02_6790221,2,02_41,Oregon, , ,Municipal,Paved,6,72,3,10,0,0.000730082754286989
126645,542987,0,0.26,02_6783753,2,02_41,Oregon, ,S SPRINGWATER RD,Municipal,Paved,2,72,4,0,0,0.00290578790724012
128566,543904,0,0.02,02_6818721,2,02_53,Washington, ,NE CHEER DR,Municipal,Paved,2,56,3,10,0,0.000240468531834466
126894,543226,0,0.03,02_6792193,2,02_41,Oregon, , ,Municipal,Paved,4,56,3,10,0,0.000301002072890696
127143,542948,0,0.05,02_6782452,2,02_41,Oregon,U30  B,SANDY BLVD,State,Paved,3,72,3,10,0,0.00062613108790842
127570,542896,0,0.07,02_6780754,2,02_41,Oregon,U30  P,KILLINGSWORTH ST,State,Paved,4,72,3,7,0,0.000938458403912305
123064,542742,0,0.07,02_6776346,2,02_41,Oregon,S99E,UNION AV,State,Paved,4,88,3,8,0,0.000822803948535404
128317,543944,0,0.39,02_6820033,2,02_53,Washington,I205, ,State,Paved,4,96,1,1,0,0.00443969855207759
125649,540818,0,0.26,02_6686183,2,02_41,Oregon,S10, ,State,Paved,2,72,4,0,0,0.00282389893637625
125898,540971,0,0.43,02_6692102,2,02_41,Oregon, ,MURRAY BLVD,Municipal,Paved,4,72,3,7,0,0.00410441507723523
127427,542125,0,0.06,02_6761588,2,02_41,Oregon,S213,S CASCADE HWY,State,Paved,2,88,3,10,0,0.000518318154026475
126302,541463,0,0.25,02_6706582,2,02_41,Oregon, ,61ST ST,Municipal,Paved,2,48,5,8,0,0.00250644159803937
126253,541353,0,0.03,02_6703851,2,02_41,Oregon,I405,STADIUM EXWY,State,Paved,6,104,1,1,0,0.000311810995633209
126290,541445,0,0.06,02_6706024,2,02_41,Oregon,I405, ,State,Paved,6,104,1,1,0,0.000611003452713469
127925,543167,0,0.42,02_6790478,2,02_41,Oregon, ,BURNSIDE RD,Municipal,Paved,6,72,3,7,0,0.00377661761976517
127913,543161,0,1.01,02_6790292,2,02_41,Oregon, ,DIVISION ST,Municipal,Paved,2,64,3,10,0,0.0128598501290229
126751,544092,0,0.49,02_6824208,2,02_53,Washington, , ,Municipal,Paved,4,64,3,10,0,0.00436811765270723
128460,543632,0,0.06,02_6810926,2,02_53,Washington,S501,NW NEW LOWER RIVER RD,State,Paved,4,48,3,8,0,0.00069821168480271
128423,543705,0,0.43,02_6813372,2,02_53,Washington, ,NE ST JOHNS RD RD,Municipal,Paved,4,56,3,10,0,0.00421865772149457
127962,543265,0,0.03,02_6793696,2,02_41,Oregon, , ,Municipal,Paved,2,56,3,10,0,0.000300134991625162
126943,541980,0,0.09,02_6756321,2,02_41,Oregon,S213,S CASCADE HWY,State,Paved,2,56,3,10,0,0.000775334932120701
126196,541081,0,0.03,02_6695691,2,02_41,Oregon, , ,Municipal,Paved,2,72,3,10,0,0.000328094330896869
122864,541198,0,0.02,02_6698436,2,02_41,Oregon,S99W,BARBUR BLVD,State,Paved,2,88,3,10,0,0.000267329360966067
125947,540807,0,0.43,02_6694372,2,02_41,Oregon,S210,SCHOLLS FERRY RD,State,Paved,4,64,3,10,0,0.00527531698389613
125861,541241,0,0.36,02_6701106,2,02_41,Oregon,S217,BEAVERTON-TIGARD HWY,State,Paved,4,88,2,7,0,0.00325543133639285
127770,542568,0,0.08,02_6771644,2,02_41,Oregon, , ,Municipal,Paved,2,40,3,10,0,0.00101400386475437
127192,542807,0,0.07,02_6778625,2,02_41,Oregon,U26,POWELL BLVD,State,Paved,5,56,3,10,0,0.000922142539878251
123193,538112,0,0.12,02_6767668,2,02_41,Oregon, ,GLISAN ST,Municipal,Paved,2,72,4,8,0,0.00153425588107011
127782,542587,0,0.04,02_6771804,2,02_41,Oregon,I5,PACIFIC HWY,State,Paved,4,104,1,1,0,0.00038943842060106
127521,542938,0,0.21,02_6782346,2,02_41,Oregon,I205,E PORTLAND FRWY,State,Paved,7,88,1,1,0,0.00227043546819395
128517,543597,0,0.08,02_6810086,2,02_53,Washington, ,W 15TH ST,Municipal,Paved,3,40,3,0,0,0.00106831101963071
128603,543883,0,0.02,02_6818344,2,02_53,Washington,S500, ,State,Paved,5,96,2,7,0,0.000289679596500895
126110,540862,0,0.59,02_6687856,2,02_41,Oregon, ,MURRAY BLVD,Municipal,Paved,2,72,4,0,0,0.00561800469362365
123256,542011,0,0.77,02_6759838,2,02_41,Oregon,S99E,MCLOUGHLIN BLVD,State,Paved,4,64,3,10,0,0.00701525409241709
127129,542255,0,0.14,02_6764836,2,02_41,Oregon,S43,MACADAM AV,State,Paved,2,56,3,10,0,0.00128818743155816
127178,542771,0,0.81,02_6778014,2,02_41,Oregon,U26,POWELL BLVD,State,Paved,4,56,3,10,0,0.0104124364718336
127584,542907,0,0.49,02_6781459,2,02_41,Oregon,S213,82ND AV,State,Paved,4,80,3,10,0,0.00445219401546971
125457,540915,0,1.26,02_6689815,2,02_41,Oregon,U26,SUNSET HWY,State,Paved,4,88,2,7,0,0.0151768151385741
125469,540923,0,0.2,02_6690276,2,02_41,Oregon, ,CORNELL RD,Municipal,Paved,4,72,3,7,0,0.00180240646487126
128260,543824,0,0.13,02_6817702,2,02_53,Washington,I205, ,State,Paved,6,96,1,1,0,0.00116172977897452
128174,543923,0,1.16,02_6820240,2,02_53,Washington, ,NE ANDRESEN RD,Municipal,Paved,4,72,4,0,0,0.0105550680659368
127478,542776,0,0.06,02_6777111,2,02_41,Oregon,U26,POWELL BLVD,State,Paved,4,56,3,10,0,0.00078299944942728
127229,542841,0,0.09,02_6779529,2,02_41,Oregon,I84,COLUMBIA RIVER HWY,State,Paved,6,104,1,1,0,0.00111349721746026
127484,542782,0,0.06,02_6777579,2,02_41,Oregon, ,GLISAN ST,Municipal,Paved,4,64,3,10,0,0.000733000801186371
123150,542437,0,0.01,02_6768441,2,02_41,Oregon, ,MORRISON ST,Municipal,Paved,2,56,4,7,0,7.23394519994236E-05
123156,542388,0,0.08,02_6768491,2,02_41,Oregon,U30  B,BURNSIDE ST,State,Paved,2,72,3,10,0,0.00101017883169605
127727,542455,0,0.33,02_6769066,2,02_41,Oregon, ,INTERSTATE AVE,Municipal,Paved,2,56,4,8,0,0.00366579325021789
127235,542842,0,0.39,02_6779592,2,02_41,Oregon,I205,E PORTLAND FRWY,State,Paved,6,88,1,1,0,0.00354292632957324
127976,543041,0,0.16,02_6786867,2,02_41,Oregon, , ,Municipal,Paved,4,72,3,10,0,0.00208024707522023
127335,542118,0,0.02,02_6761623,2,02_41,Oregon,S213,S CASCADE HWY,State,Paved,3,72,3,10,0,0.000184805625616571
127384,542174,0,0.09,02_6762992,2,02_41,Oregon,S224,MILWAUKIE EXWY,State,Paved,4,88,2,7,0,0.00117923642099595
127378,542165,0,0.05,02_6762590,2,02_41,Oregon,S224,MILWAUKIE EXWY,State,Paved,4,88,2,7,0,0.000578342586415964
126345,541385,0,0.05,02_6704685,2,02_41,Oregon,I405,STADIUM EXWY,State,Paved,6,104,1,1,0,0.000496053243304174
127876,542554,0,0.09,02_6771111,2,02_41,Oregon,I84,COLUMBIA RIVER HWY,State,Paved,6,104,1,1,0,0.00110087645137006
123050,542736,0,0.32,02_6775806,2,02_41,Oregon,I5,PACIFIC HWY,State,Paved,6,88,1,1,0,0.00300228076138214
123056,542745,0,0.04,02_6775913,2,02_41,Oregon, ,MARINE DR,Municipal,Paved,4,88,3,8,0,0.000388563731686303
128509,543590,0,0.09,02_6810022,2,02_53,Washington, ,C ST,Municipal,Paved,2,40,3,10,0,0.000798050726847836
126886,543218,0,0.16,02_6792082,2,02_41,Oregon, , ,Municipal,Paved,4,72,3,10,0,0.00151586997959695
122858,541194,0,0.62,02_6698127,2,02_41,Oregon, ,KRUSE WY,Municipal,Paved,4,88,2,7,0,0.00789933855827944
127186,542794,0,0.05,02_6778245,2,02_41,Oregon, ,DIVISION ST,Municipal,Paved,2,56,5,0,0,0.000618097473182958
127776,542576,0,0.01,02_6771717,2,02_41,Oregon, , ,Municipal,Paved,2,40,3,0,0,7.08309573490562E-05
123199,542401,0,0.08,02_6767712,2,02_41,Oregon, ,GLISAN ST,Municipal,Paved,2,72,4,8,0,0.00101417832649839
127527,542676,0,0.12,02_6774337,2,02_41,Oregon,I5,PACIFIC HWY,State,Paved,6,88,1,1,0,0.00104610743913069
128019,543118,0,0.78,02_6791392,2,02_41,Oregon, ,DIVISION ST,Municipal,Paved,2,56,3,10,0,0.0100427878521027
128609,543888,0,0.2,02_6818425,2,02_53,Washington,I205, ,State,Paved,4,96,1,1,0,0.00194479466776501
126104,540865,0,0.05,02_6687815,2,02_41,Oregon, , ,Municipal,Paved,4,72,3,10,0,0.000570446168910289
128268,543743,0,0.07,02_6814423,2,02_53,Washington,I5, ,State,Paved,8,96,1,1,0,0.000615479628531862
126937,541973,0,0.31,02_6756147,2,02_41,Oregon,S213,S CASCADE HWY,State,Paved,2,72,3,10,0,0.00315035587045233
126004,541047,0,0.27,02_6694866,2,02_41,Oregon,S217,BEAVERTON-TIGARD HWY,State,Paved,4,88,2,7,0,0.0031269543444818
126053,540920,0,0.43,02_6690401,2,02_41,Oregon, ,CORNELIUS PASS RD,Municipal,Paved,4,72,3,10,0,0.00421838452199332
127086,542162,0,1.49,02_6763268,2,02_41,Oregon,I205,E PORTLAND FRWY,State,Paved,6,88,1,1,0,0.0137977337757864
123299,542030,0,0.45,02_6758681,2,02_41,Oregon,S43,AV A,State,Paved,4,48,3,7,0,0.0057697463803861
127135,542253,0,0.05,02_6764889,2,02_41,Oregon,S43N,MACADAM AV,State,Paved,2,64,3,10,0,0.000485550672690092
127676,542355,0,0.1,02_6767050,2,02_41,Oregon,S99E,MCLOUGHLIN BLVD,State,Paved,6,56,3,7,0,0.0009279551652762
127627,542413,0,0.05,02_6767808,2,02_41,Oregon,U30  B,BURNSIDE ST,State,Paved,2,72,3,10,0,0.000602119284038202
126545,544055,0,0.48,02_6822437,2,02_53,Washington, ,SE MILL PLAIN BLVD,Municipal,Paved,6,64,3,10,0,0.00615805048089329
128168,543954,0,0.04,02_6820161,2,02_53,Washington,I205, ,State,Paved,4,96,1,1,0,0.000428086174009238
125463,540930,0,0.01,02_6689874,2,02_41,Oregon, ,CORNELL RD,Municipal,Paved,5,40,3,7,0,9.50373090386376E-05
123348,541658,0,1,02_6724003,2,02_53,Washington, ,HILLHURST RD,Municipal,Paved,2,56,4,0,0,0.0108195174929055
127327,542096,0,0,02_6760844,2,02_41,Oregon,S99E,MCLOUGHLIN BLVD,State,Paved,4,48,3,10,0,1.48661579320634E-05
125999,541038,0,0.25,02_6694750,2,02_41,Oregon,S217,BEAVERTON-TIGARD HWY,State,Paved,4,88,2,7,0,0.00222123602675489
126331,541286,0,0.08,02_6701037,2,02_41,Oregon,S8,CANYON RD,State,Paved,2,88,3,7,0,0.000972384525841095
127588,542912,0,0.14,02_6781527,2,02_41,Oregon,S213,82ND AV,State,Paved,4,80,3,10,0,0.00122130047443665
127659,542340,0,0.06,02_6766426,2,02_41,Oregon,I5,PACIFIC HWY,State,Paved,4,104,1,1,0,0.000613267439950014
127920,543174,0,0.08,02_6790405,2,02_41,Oregon, , ,Municipal,Paved,6,72,3,10,0,0.000704773438486962
127256,542861,0,0.04,02_6780174,2,02_41,Oregon,I84,COLUMBIA RIVER HWY,State,Paved,6,104,1,1,0,0.000451293962155067
127991,543051,0,0.17,02_6787365,2,02_41,Oregon, , ,Municipal,Paved,4,72,3,10,0,0.00216207692721445
125667,540837,0,0.41,02_6687168,2,02_41,Oregon,S10,FARMINGTON RD,State,Paved,2,64,3,10,0,0.00478781179979905
123343,541656,0,0.45,02_6723747,2,02_53,Washington, ,NW LAKESHORE AV,Municipal,Paved,2,40,4,0,0,0.00403172569849543
128584,543853,0,0.8,02_6817757,2,02_53,Washington, ,NE 112TH AV,Municipal,Paved,4,56,3,10,0,0.00723703670636906
128252,543850,0,0.12,02_6817596,2,02_53,Washington,I205, ,State,Paved,6,96,1,1,0,0.00107247700310988
125976,541230,0,0.08,02_6703180,2,02_41,Oregon,S10,BEAVERTON-HILLSBORO HWY,State,Paved,4,56,3,10,0,0.00102641975424286
126308,541227,0,0.89,02_6706755,2,02_41,Oregon,U30  P,LOMBARD ST,State,Paved,2,40,4,0,0,0.0111160146398527
127304,542063,0,0.12,02_6760149,2,02_41,Oregon,S99E,MCLOUGHLIN BLVD,State,Paved,6,72,3,7,0,0.00104202985635138
127943,543244,0,0.14,02_6793091,2,02_41,Oregon, , ,Municipal,Paved,2,72,3,10,0,0.00128089987644792
128607,543876,0,0.25,02_6818385,2,02_53,Washington, ,NE FOURTH PLAIN BLVD,Municipal,Paved,4,64,3,10,0,0.00286513310201474
126640,542981,0,1.72,02_6783540,2,02_41,Oregon,S212,CARVER HWY,State,Paved,2,88,3,7,0,0.0217290913128844
128275,543751,0,0.18,02_6814557,2,02_53,Washington,I5, ,State,Paved,8,96,1,1,0,0.00160431636849479
127705,542321,0,0.12,02_6766208,2,02_41,Oregon,I5,PACIFIC HWY,State,Paved,4,104,1,1,0,0.00115061072999992
127041,543035,0,0.1,02_6786764,2,02_41,Oregon,I84,COLUMBIA RIVER HWY,State,Paved,6,104,1,1,0,0.00126637029211359
128369,543689,0,0.39,02_6812577,2,02_53,Washington, ,GRAND BLVD,Municipal,Paved,2,48,3,10,0,0.00360436470227245
126045,540897,0,0.52,02_6689092,2,02_41,Oregon, ,CORNELL RD,Municipal,Paved,4,72,3,7,0,0.00661494339725008
127373,542158,0,0.59,02_6762513,2,02_41,Oregon,S212,CARVER HWY,State,Paved,2,88,3,7,0,0.00756550635402444
128037,543125,0,0.03,02_6789641,2,02_41,Oregon, , ,Municipal,Paved,6,72,3,10,0,0.000293006773013506
127350,542140,0,0.3,02_6761908,2,02_41,Oregon, ,S REDLAND RD,Municipal,Paved,2,72,4,0,0,0.00377604176211379
127682,542350,0,0.35,02_6767094,2,02_41,Oregon,S99E,UNION AV,State,Paved,4,56,3,7,0,0.0032752262040991
126354,541382,0,0.08,02_6704773,2,02_41,Oregon,I405,STADIUM EXWY,State,Paved,6,104,1,1,0,0.000741426374654464
128014,543166,0,1.22,02_6791256,2,02_41,Oregon,U30  P,SANDY BLVD,State,Paved,2,72,3,10,0,0.0156453823813855
123059,542748,0,0.01,02_6775945,2,02_41,Oregon,I5,PACIFIC HWY,State,Paved,6,88,1,1,0,7.7492098427551E-05
128346,543671,0,0.4,02_6812122,2,02_53,Washington, ,NE HWY 99,Municipal,Paved,4,64,3,10,0,0.00364810271494077
126022,540872,0,0.53,02_6687964,2,02_41,Oregon, ,MURRAY BLVD,Municipal,Paved,4,72,3,10,0,0.00473758148685167
127419,542120,0,0.01,02_6761528,2,02_41,Oregon,I205,E PORTLAND FRWY,State,Paved,6,88,1,1,0,0.000138221053701096
122919,541211,0,0.37,02_6699374,2,02_41,Oregon,I5,PACIFIC HWY,State,Paved,6,104,1,1,0,0.00420476506919483
127496,542909,0,0.2,02_6781591,2,02_41,Oregon,U30  P,KILLINGSWORTH ST,State,Paved,4,56,3,7,0,0.00260106744584109
128421,543704,0,0.64,02_6813317,2,02_53,Washington, ,NE ST JAMES RD RD,Municipal,Paved,2,56,3,10,0,0.00620087376040602
126168,541140,0,0.11,02_6697242,2,02_41,Oregon, ,SW STAFFORD RD,Municipal,Paved,2,88,4,0,0,0.00109292871123159
126162,541139,0,0.09,02_6696881,2,02_41,Oregon,I205,E PORTLAND FRWY,State,Paved,6,104,1,1,0,0.00116881132737278
126091,540846,0,0.16,02_6687274,2,02_41,Oregon, , ,Municipal,Paved,2,72,3,10,0,0.00181481124720541
126191,541078,0,0.02,02_6695640,2,02_41,Oregon, , ,Municipal,Paved,4,40,3,10,0,0.000303278700786353
122865,541200,0,0.01,02_6698442,2,02_41,Oregon,S99W,BARBUR BLVD,State,Paved,2,88,3,10,0,7.65506907048035E-05
127396,542176,0,0.2,02_6763136,2,02_41,Oregon,S213,82ND AV,State,Paved,4,88,2,7,0,0.00208410985916412
127734,542478,0,0.09,02_6769224,2,02_41,Oregon,I5,PACIFIC HWY,State,Paved,4,104,1,1,0,0.000967247841515146
128060,543137,0,0.16,02_6790171,2,02_41,Oregon, , ,Municipal,Paved,6,72,3,10,0,0.00143710066756003
127513,542929,0,0.13,02_6782183,2,02_41,Oregon, ,UNKNOWN,Municipal,Paved,4,88,3,8,0,0.00113556222949333
127519,542882,0,0.46,02_6782260,2,02_41,Oregon, ,UNKNOWN,Municipal,Paved,2,72,3,0,0,0.00502018624502322
126855,543537,0,0.33,02_6808829,2,02_53,Washington,I5, ,State,Paved,6,104,1,1,0,0.00322229260493047
126185,541068,0,0.4,02_6695453,2,02_41,Oregon,I205,E PORTLAND FRWY,State,Paved,6,88,1,1,0,0.00497209197645642
126068,540949,0,0.24,02_6691436,2,02_41,Oregon, ,185TH AV,Municipal,Paved,6,72,3,10,0,0.00211511259064658
128398,543515,0,0.39,02_6815290,2,02_53,Washington, ,NE ST JOHNS RD,Municipal,Paved,4,72,4,0,0,0.00432014930649431
128183,543964,0,0.21,02_6820549,2,02_53,Washington,S503,NE 117TH AV,State,Paved,3,48,3,7,0,0.00189401762475209
126214,541097,0,0.08,02_6696147,2,02_41,Oregon, , ,Municipal,Paved,2,72,3,10,0,0.000934401742694139
127711,542315,0,0.05,02_6766262,2,02_41,Oregon,S43N,MACADAM AV,State,Paved,2,64,3,10,0,0.000620415253997271
122965,541422,0,0,02_6705352,2,02_41,Oregon, ,EVERETT ST,Municipal,Paved,2,72,4,8,0,2.90175500794773E-05
126285,541444,0,0.11,02_6705967,2,02_41,Oregon,I405, ,State,Paved,6,104,1,1,0,0.00101152169438174
127542,542690,0,0.01,02_6774475,2,02_41,Oregon, ,KILLINGSWORTH ST,Municipal,Paved,2,88,4,0,0,0.000130016072329899
128375,543513,0,0.7,02_6812727,2,02_53,Washington,S14,LEWIS AND CLARK HWY,State,Paved,4,96,2,7,0,0.00866160052207305
126878,543560,0,0.02,02_6809402,2,02_53,Washington,S14,LEWIS AND CLARK HWY,State,Paved,5,88,2,7,0,0.000181478048637259
127047,543281,0,0.11,02_6793911,2,02_53,Washington,S14,LEWIS AND CLARK HWY,State,Paved,5,96,2,7,0,0.00133455183132051
125452,540907,0,0.18,02_6689605,2,02_41,Oregon, ,CORNELL RD,Municipal,Paved,2,72,4,7,0,0.00163375194949337
126237,541120,0,0.02,02_6696608,2,02_41,Oregon, , ,Municipal,Paved,3,72,3,10,0,0.000209220271496791
126139,541180,0,0.06,02_6697957,2,02_41,Oregon,S10,BARBUR BLVD,State,Paved,2,88,3,7,0,0.000727629149135776
122942,541258,0,0.16,02_6700127,2,02_41,Oregon, , ,Municipal,Paved,4,48,3,10,0,0.00206721111687305
127442,542624,0,0.23,02_6772606,2,02_41,Oregon,S99E,MCLOUGHLIN BLVD,State,Paved,6,72,3,7,0,0.00264876333093511
127688,542309,0,0.08,02_6765718,2,02_41,Oregon,U26, ,State,Paved,2,80,4,0,0,0.00101879945027282
126360,541397,0,0.06,02_6705093,2,02_41,Oregon,I405,STADIUM EXWY,State,Paved,4,104,1,1,0,0.000545418303991167
126901,543231,0,0.16,02_6792521,2,02_41,Oregon, , ,Municipal,Paved,2,72,3,10,0,0.00149249381770813
127024,543015,0,0.6,02_6786176,2,02_41,Oregon, ,DIVISION ST,Municipal,Paved,4,64,3,10,0,0.00773717333841943
127565,542891,0,0.15,02_6780659,2,02_41,Oregon, ,CORNFOOT GABRESKI RD,Municipal,Paved,2,72,5,8,0,0.0017639902655772
126778,543110,0,0.39,02_6789446,2,02_53,Washington, ,SE 164TH AV,Municipal,Paved,6,64,3,10,0,0.0034901678605958
128229,543830,0,0.22,02_6817016,2,02_53,Washington, ,SE MILL PLAIN BLVD,Municipal,Paved,4,56,3,10,0,0.00284214802268545
128352,543511,0,0.03,02_6812249,2,02_53,Washington, ,NW 78TH ST,Municipal,Paved,2,56,3,10,0,0.000402060739808853
125475,540935,0,0.15,02_6690341,2,02_41,Oregon, ,CORNELIUS PASS RD,Municipal,Paved,4,72,3,10,0,0.00150869110539959
127997,543046,0,0.16,02_6787754,2,02_41,Oregon, , ,Municipal,Paved,4,72,3,10,0,0.00209804108165311
127250,542864,0,0.12,02_6779770,2,02_41,Oregon,I84,COLUMBIA RIVER HWY,State,Paved,6,104,1,1,0,0.00146568657929388
128246,543832,0,0.57,02_6817218,2,02_53,Washington, ,SE CHKALOV DR,Municipal,Paved,4,72,4,0,0,0.00526780126047442
128329,543652,0,0.28,02_6811539,2,02_53,Washington,I5, ,State,Paved,6,96,1,1,0,0.00258654570506878
125922,541002,0,0.2,02_6693375,2,02_41,Oregon, ,SW BOONES FERRY RD,Municipal,Paved,2,72,4,0,0,0.00182417165709885
126076,540955,0,0.06,02_6691817,2,02_41,Oregon, ,NW 185TH AVE,Municipal,Paved,5,40,3,0,0,0.00054319139264628
128578,543915,0,0,02_6819251,2,02_53,Washington,S500, ,State,Paved,4,88,2,7,0,3.3621938950184E-05
127310,542082,0,0.14,02_6760328,2,02_41,Oregon,I205,E PORTLAND FRWY,State,Paved,6,88,1,1,0,0.00151903048436243
126314,541266,0,0.05,02_6700300,2,02_41,Oregon,S8,CANYON RD,State,Paved,2,88,3,7,0,0.000690341809242128
125982,541341,0,0.14,02_6703266,2,02_41,Oregon,U26,SUNSET HWY,State,Paved,6,88,2,7,0,0.00168974770621158
125435,541639,0,0.02,02_6723372,2,02_41,Oregon, ,MARINE DR,Municipal,Paved,4,64,4,8,0,0.000298412456793432
127605,542654,0,0.07,02_6773721,2,02_41,Oregon,U30  B,SANDY BLVD,State,Paved,3,72,3,10,0,0.000782171379250125
127642,542425,0,0.19,02_6768222,2,02_41,Oregon, ,6TH AVE,Municipal,Paved,2,48,5,8,0,0.00180061093773722
126277,541441,0,0,02_6705882,2,02_41,Oregon,U30, ,State,Paved,4,88,2,7,0,2.43518898398983E-05
127937,543189,0,0.08,02_6790989,2,02_41,Oregon, ,181ST AV,Municipal,Paved,6,72,3,7,0,0.000704400933539112
126763,543083,0,0.37,02_6788870,2,02_53,Washington, ,MCCILLIVRAY BLVD,Municipal,Paved,2,72,4,0,0,0.0046021953023963
126609,543813,0,0.16,02_6816281,2,02_53,Washington,S500, ,State,Paved,4,88,2,7,0,0.00198306784494551
128484,543660,0,0.16,02_6811491,2,02_53,Washington, ,MAIN ST,Municipal,Paved,2,72,3,10,0,0.00143027983980618
126122,541160,0,0.07,02_6697436,2,02_41,Oregon,I5,PACIFIC HWY,State,Paved,8,88,1,1,0,0.000590003986716636
122873,541206,0,0.23,02_6698975,2,02_41,Oregon,S43,COUNTRY CLUB RD,State,Paved,4,48,3,7,0,0.00291259278958961
125876,541300,0,0.21,02_6701489,2,02_41,Oregon,S217,BEAVERTON-TIGARD HWY,State,Paved,4,88,2,7,0,0.00212791183711435
127118,542254,0,0.19,02_6764407,2,02_41,Oregon,I5,PACIFIC HWY,State,Paved,6,88,1,1,0,0.00180080713463722
127450,542623,0,0.83,02_6773154,2,02_41,Oregon, ,39TH AV,Municipal,Paved,4,64,3,10,0,0.00745043806744063
127204,542818,0,0.04,02_6778791,2,02_41,Oregon, ,DIVISION ST,Municipal,Paved,4,40,5,0,0,0.000475026686523365
127951,543250,0,0.27,02_6793236,2,02_41,Oregon,I84,COLUMBIA RIVER HWY,State,Paved,6,104,1,1,0,0.00335650563625104
128283,543749,0,0.19,02_6814992,2,02_53,Washington,I5, ,State,Paved,8,96,1,1,0,0.00168130867575528
127548,542669,0,0.45,02_6774852,2,02_41,Oregon,I5,PACIFIC HWY,State,Paved,6,88,1,1,0,0.00403920543546614
126872,543556,0,0.06,02_6809328,2,02_53,Washington,S14,LEWIS AND CLARK HWY,State,Paved,5,88,2,7,0,0.000719293867899528
128532,543532,0,0.11,02_6810319,2,02_53,Washington,I5, ,State,Paved,6,96,1,1,0,0.00102678721182376
128544,543618,0,0.03,02_6810766,2,02_53,Washington,I5, ,State,Paved,6,96,1,1,0,0.000309556489785437
126623,543818,0,0.16,02_6816927,2,02_53,Washington,S500, ,State,Paved,5,88,2,7,0,0.00188665662897972
126955,541923,0,1.19,02_6802035,2,02_41,Oregon, ,GLISAN ST,Municipal,Paved,2,64,3,10,0,0.015189300571599
125936,541006,0,0.27,02_6693935,2,02_41,Oregon, ,SW BOONES FERRY RD,Municipal,Paved,4,72,4,0,0,0.00325960957349635
126231,541114,0,0.03,02_6696260,2,02_41,Oregon, , ,Municipal,Paved,3,72,3,10,0,0.000331007868768417
122936,541252,0,0.22,02_6700048,2,02_41,Oregon,S8,TUALATIN VALLEY HWY,State,Paved,2,88,3,7,0,0.00283292076363503
126268,541365,0,0.31,02_6704434,2,02_41,Oregon,U30,ST HELENS RD,State,Paved,2,72,4,0,0,0.00402069137571628
123268,542060,0,0.25,02_6760073,2,02_41,Oregon,S99E,MCLOUGHLIN BLVD,State,Paved,5,72,3,7,0,0.0023206192488222
127596,542639,0,0.06,02_6773552,2,02_41,Oregon, ,39TH AV,Municipal,Paved,2,72,3,10,0,0.000637728888988565
127805,542579,0,0.22,02_6772343,2,02_41,Oregon, ,BROADWAY,Municipal,Paved,3,56,3,10,0,0.00281006003304655
127891,542717,0,0.1,02_6775043,2,02_41,Oregon,S99E,UNION AV,State,Paved,4,48,3,10,0,0.000936999646832248
127264,542872,0,0.16,02_6780324,2,02_41,Oregon, , ,Municipal,Paved,4,72,3,10,0,0.00203105554992942
127559,542874,0,0.38,02_6780408,2,02_41,Oregon,I84,COLUMBIA RIVER HWY,State,Paved,6,104,1,1,0,0.00451768033309951
126174,541149,0,0.02,02_6697334,2,02_41,Oregon, , ,Municipal,Paved,4,72,3,10,0,0.000230531800880387
122925,541225,0,0,02_6699547,2,02_41,Oregon,S99W,BARBUR BLVD,State,Paved,2,56,3,10,0,3.57347293449783E-05
127751,542561,0,0.05,02_6771139,2,02_41,Oregon, , ,Municipal,Paved,2,40,3,10,0,0.000609003552952114
123174,542364,0,0.16,02_6767170,2,02_41,Oregon,S99E,UNION AV,State,Paved,4,48,3,7,0,0.00142004533161166
127745,542486,0,0.14,02_6769740,2,02_41,Oregon, ,BROADWAY AV,Municipal,Paved,4,72,3,8,0,0.00159509927130151
126909,543240,0,0.1,02_6792931,2,02_41,Oregon, , ,Municipal,Paved,2,72,3,10,0,0.000998436858100312
127164,542960,0,0.15,02_6783040,2,02_41,Oregon,U30  P,SANDY BLVD,State,Paved,4,72,3,10,0,0.00194969098841419
127502,542924,0,0.03,02_6781746,2,02_41,Oregon, ,COLUMBIA BLVD,Municipal,Paved,2,40,3,8,0,0.000354982900759334
128492,543566,0,0.57,02_6809589,2,02_53,Washington,S501,NW NEW LOWER RIVER RD,State,Paved,2,48,3,8,0,0.00735831670109329
128338,543665,0,0.13,02_6811683,2,02_53,Washington,S500, ,State,Paved,2,40,4,7,0,0.00162852982919965
127402,542102,0,0.1,02_6761009,2,02_41,Oregon,S99E,MCLOUGHLIN BLVD,State,Paved,6,64,3,10,0,0.000946975471183438
126222,541102,0,0.08,02_6696201,2,02_41,Oregon, , ,Municipal,Paved,3,72,3,10,0,0.000951367975275871
123228,542291,0,0.17,02_6765606,2,02_41,Oregon,U26W,KELLY AV,State,Paved,2,40,4,0,0,0.00183998122008059
127845,542510,0,0.24,02_6770417,2,02_41,Oregon,S99E,UNION AV,State,Paved,4,48,3,10,0,0.00213103256387156
127851,542531,0,0.08,02_6770498,2,02_41,Oregon,U30  B,BURNSIDE ST,State,Paved,3,48,3,10,0,0.00106101196244534
126861,543547,0,0.03,02_6808893,2,02_53,Washington,I5, ,State,Paved,6,104,1,1,0,0.000343918874714777
128386,543708,0,0.08,02_6813277,2,02_53,Washington,S500, ,State,Paved,4,88,2,7,0,0.00101980751211263
127058,543288,0,0.16,02_6794272,2,02_53,Washington,S14, ,State,Paved,4,88,2,7,0,0.00200627578492086
127064,543293,0,0.01,02_6794683,2,02_53,Washington,S14, ,State,Paved,4,88,2,7,0,0.000163582958996216
125195,541595,0,0.32,02_6720197,2,02_41,Oregon,U30, ,State,Paved,4,64,3,7,0,0.00355833630893996
128392,543767,0,0.03,02_6815164,2,02_53,Washington,I205, ,State,Paved,4,96,1,1,0,0.000373593104535207
128189,543960,0,0.96,02_6820910,2,02_53,Washington,S503,NE 117TH AV,State,Paved,2,56,3,7,0,0.00864226074751539
126128,541173,0,0.12,02_6697480,2,02_41,Oregon,I5,PACIFIC HWY,State,Paved,6,88,1,1,0,0.0010780669891416
122882,541207,0,0.75,02_6699235,2,02_41,Oregon,S10,BEAVERTON HWY,State,Paved,4,72,3,10,0,0.00896039423914416
122879,541214,0,0.11,02_6699206,2,02_41,Oregon,S99W,BARBUR BLVD,State,Paved,2,88,3,10,0,0.00120447817561481
125882,541306,0,0.01,02_6701855,2,02_41,Oregon,U26,SUNSET HWY,State,Paved,6,88,2,7,0,7.2422857689419E-05
123374,541474,0,0.84,02_6707297,2,02_41,Oregon,U30  P,LOMBARD ST,State,Paved,2,56,4,0,0,0.0107200978737648
127456,542635,0,0.07,02_6773330,2,02_41,Oregon,I84,COLUMBIA RIVER HWY,State,Paved,6,104,1,1,0,0.000905755681573453
126964,543385,0,0.4,02_6802441,2,02_41,Oregon,I84,COLUMBIA RIVER HWY,State,Paved,6,104,1,1,0,0.00489835739260415
128292,543759,0,1.08,02_6815085,2,02_53,Washington,I5, ,State,Paved,8,96,1,1,0,0.00993503849142858
126371,541395,0,0.04,02_6705196,2,02_41,Oregon,U30  B,BURNSIDE ST,State,Paved,4,80,4,10,0,0.00050003648788545
127797,542589,0,0.04,02_6771931,2,02_41,Oregon, ,WEIDLER ST,Municipal,Paved,3,80,3,10,0,0.000510079192765676
127210,542822,0,0.07,02_6778840,2,02_41,Oregon, ,DIVISION ST,Municipal,Paved,4,40,3,10,0,0.000949089071110804
128538,543610,0,0.07,02_6810699,2,02_53,Washington,S14,LEWIS AND CLARK HWY,State,Paved,4,96,2,7,0,0.000861021155906573
126617,543787,0,0.42,02_6816792,2,02_53,Washington, ,NE ANDERSEN AV,Municipal,Paved,4,56,3,10,0,0.00382855344633848
128043,543134,0,0.05,02_6789682,2,02_41,Oregon, , ,Municipal,Paved,6,72,3,10,0,0.000464017182628219
126225,541109,0,0.04,02_6696219,2,02_41,Oregon, , ,Municipal,Paved,3,72,3,10,0,0.000495903003662219
127356,542147,0,0.24,02_6762310,2,02_41,Oregon,I205,E PORTLAND FRWY,State,Paved,6,88,1,1,0,0.00223771084565782
127110,542247,0,0.17,02_6764233,2,02_41,Oregon,S10,FRONT ST,State,Paved,3,40,3,10,0,0.00176781833180744
127651,542434,0,0.08,02_6768322,2,02_41,Oregon,S99W,FRONT ST,State,Paved,2,72,4,0,0,0.000776556866129903
127897,542666,0,0.81,02_6775496,2,02_41,Oregon,S99E,UNION AV,State,Paved,4,48,3,10,0,0.00724321535438923
128438,543721,0,0.11,02_6813646,2,02_53,Washington,S500, ,State,Paved,4,88,2,7,0,0.00140576651024275
126028,540876,0,0.04,02_6688136,2,02_41,Oregon,S210,SCHOLLS FERRY RD,State,Paved,4,64,3,10,0,0.000546728422546432
127410,542072,0,0.12,02_6761096,2,02_41,Oregon,I205,E PORTLAND FRWY,State,Paved,6,88,1,1,0,0.00134840682844265
122928,538098,0,0.26,02_6699603,2,02_41,Oregon,I5,PACIFIC HWY,State,Paved,6,104,1,1,0,0.00326758897685754
127671,542349,0,0.24,02_6766628,2,02_41,Oregon,S99E,MCLOUGHLIN BLVD,State,Paved,7,72,3,7,0,0.00259525141167133
127173,542769,0,1.81,02_6777740,2,02_41,Oregon, ,GLISAN ST,Municipal,Paved,4,64,3,10,0,0.0232211462139718
126248,541352,0,0.08,02_6703778,2,02_41,Oregon,I405,STADIUM EXWY,State,Paved,6,104,1,1,0,0.000782275236303614
123165,542458,0,0.06,02_6768877,2,02_41,Oregon, ,GREELEY AV,Municipal,Paved,2,56,4,8,0,0.000703562151635347
127742,542451,0,0.85,02_6769640,2,02_41,Oregon, ,INTERSTATE AV,Municipal,Paved,4,56,4,8,0,0.00839157141744781
127244,542854,0,0.16,02_6779665,2,02_41,Oregon, ,GLISAN ST,Municipal,Paved,4,64,3,10,0,0.00204450369815203
127908,542734,0,0.04,02_6775714,2,02_41,Oregon,I5,PACIFIC HWY,State,Paved,6,88,1,1,0,0.000357561948991206
128169,543956,0,0.12,02_6820167,2,02_53,Washington, ,NE 83RD ST,Municipal,Paved,4,72,3,10,0,0.00149654516344251
127316,542086,0,0.13,02_6760417,2,02_41,Oregon,S43,WILLAMETTE DR,State,Paved,2,40,3,7,0,0.0013417245121842
127101,542208,0,0.8,02_6763961,2,02_41,Oregon,S213,82ND AV,State,Paved,4,56,3,10,0,0.00721700557329339
127599,542644,0,0.44,02_6773623,2,02_41,Oregon,U30  B,SANDY BLVD,State,Paved,3,72,3,10,0,0.0052612171282593
127765,542567,0,0.03,02_6771294,2,02_41,Oregon,U30  B,BURNSIDE ST,State,Paved,3,72,3,10,0,0.000376032992658952
127648,542431,0,0.05,02_6768290,2,02_41,Oregon, ,MORRISON BRIDGE,Municipal,Paved,2,56,4,0,0,0.000586079674787658
127814,542381,0,0.07,02_6769806,2,02_41,Oregon, ,WEIDLER ST,Municipal,Paved,4,72,3,8,0,0.000940018956528449
128263,543730,0,0.56,02_6814306,2,02_53,Washington,I5, ,State,Paved,6,96,1,1,0,0.00536249542863626
128312,543920,0,1.11,02_6819927,2,02_53,Washington, ,NE ST JOHNS RD,Municipal,Paved,4,72,4,0,0,0.012487785374403
127267,542875,0,0.43,02_6780350,2,02_41,Oregon,I84,COLUMBIA RIVER HWY,State,Paved,6,104,1,1,0,0.00385720427442681
127150,542941,0,0.4,02_6782526,2,02_41,Oregon,U30  B,SANDY BLVD,State,Paved,3,72,3,10,0,0.00467750500380932
126769,543103,0,0.11,02_6789031,2,02_53,Washington,S14,LEWIS AND CLARK HWY,State,Paved,4,96,2,7,0,0.00140277634606167
126603,543804,0,0.21,02_6816223,2,02_53,Washington, ,NE FOURTH PLAIN BLVD,Municipal,Paved,4,48,3,10,0,0.0026010559793978
126105,540866,0,0.02,02_6687821,2,02_41,Oregon, , ,Municipal,Paved,4,72,3,10,0,0.000202647626864533
126652,542975,0,0.26,02_6784510,2,02_41,Oregon,S212,CLACKAMAS-BORING HWY,State,Paved,2,72,3,7,0,0.00333500559406003
123380,541480,0,0.08,02_6707464,2,02_41,Oregon, ,GREELEY AV,Municipal,Paved,2,72,4,0,0,0.000708086757548075
125962,541321,0,0.36,02_6702515,2,02_41,Oregon, ,N TERMINAL RD,Municipal,Paved,2,48,5,8,0,0.0041847800568373
127459,542636,0,0.29,02_6773369,2,02_41,Oregon,U30  B,SANDY BLVD,State,Paved,3,72,3,10,0,0.00347728235356827
126368,541403,0,0.01,02_6705161,2,02_41,Oregon,U30  B,BURNSIDE ST,State,Paved,4,80,4,10,0,0.000177011968266236
127622,542408,0,0.13,02_6767769,2,02_41,Oregon, ,GLISAN ST,Municipal,Paved,2,72,4,8,0,0.00163531344398617
127791,542598,0,0.01,02_6771886,2,02_41,Oregon, ,BROADWAY,Municipal,Paved,3,56,3,8,0,6.80080301843411E-05
123045,542729,0,0.12,02_6775724,2,02_41,Oregon,I5,PACIFIC HWY,State,Paved,6,88,1,1,0,0.0011184932517338
128455,543627,0,0.12,02_6810855,2,02_53,Washington,S501,NW NEW LOWER RIVER RD,State,Paved,4,48,3,8,0,0.00139274821037417
126626,543789,0,0.15,02_6816963,2,02_53,Washington, ,SE MILL PLAIN BLVD,Municipal,Paved,4,56,3,10,0,0.00190618502603434
126958,543383,0,0.32,02_6802340,2,02_41,Oregon, ,238TH DR,Municipal,Paved,3,72,4,7,0,0.00289660405125218
126317,541244,0,0.27,02_6700356,2,02_41,Oregon, ,BROADWAY,Municipal,Paved,2,72,5,0,0,0.003106272420009
125985,541345,0,0.27,02_6703327,2,02_41,Oregon,U26,SUNSET HWY,State,Paved,6,88,2,7,0,0.00339439218072164
127387,542178,0,0.58,02_6763014,2,02_41,Oregon,S213,82ND AV,State,Paved,4,56,3,10,0,0.00532572894966074
127436,542581,0,0.13,02_6772460,2,02_41,Oregon,S99E,UNION AV,State,Paved,4,48,3,10,0,0.00113102832485479
127977,543040,0,0.16,02_6786878,2,02_41,Oregon, , ,Municipal,Paved,4,72,3,10,0,0.00209811654782428
123071,542754,0,0.01,02_6776416,2,02_41,Oregon,I5,PACIFIC HWY,State,Paved,6,104,1,1,0,0.000122413449167238
125444,541646,0,0.22,02_6723570,2,02_53,Washington,S501,NW NEW LOWER RIVER RD,State,Paved,4,48,3,8,0,0.00273857071756274
128432,543714,0,0.18,02_6813578,2,02_53,Washington, ,NE ST JAMES RD RD,Municipal,Paved,2,56,3,10,0,0.00177037124031354
128026,543204,0,0.04,02_6791881,2,02_41,Oregon,U26,POWELL BLVD,State,Paved,4,56,3,10,0,0.000487001098216388
125919,540997,0,0.61,02_6693198,2,02_41,Oregon,S99W,W PACIFIC HWY,State,Paved,2,88,3,7,0,0.0068838294318345
126340,541290,0,0.08,02_6701100,2,02_41,Oregon,S217,BEAVERTON-TIGARD HWY,State,Paved,4,88,2,7,0,0.00068444608728293
123257,542041,0,0.85,02_6759863,2,02_41,Oregon,S99E,MCLOUGHLIN BLVD,State,Paved,4,64,3,10,0,0.00773700979067853
127834,542514,0,0.16,02_6770295,2,02_41,Oregon, ,BELMONT ST,Municipal,Paved,2,56,4,7,0,0.00205302132767859
128006,543186,0,0.33,02_6791033,2,02_41,Oregon,I84,COLUMBIA RIVER HWY,State,Paved,6,104,1,1,0,0.00419404491650074
125421,541622,0,0.6,02_6722418,2,02_41,Oregon, ,LOMBARD ST,Municipal,Paved,2,56,4,8,0,0.00695733787972477
128498,543585,0,0.09,02_6809637,2,02_53,Washington, ,W 14TH ST,Municipal,Paved,2,40,5,0,0,0.00110521864309956
128504,543589,0,0.09,02_6809985,2,02_53,Washington, ,WASHINGTON ST,Municipal,Paved,2,40,3,10,0,0.00112134174968572
128332,543661,0,0.07,02_6811579,2,02_53,Washington, ,NE HWY 99,Municipal,Paved,2,72,3,10,0,0.000659570819391408
126085,540839,0,0.03,02_6687200,2,02_41,Oregon,S10,FARMINGTON RD,State,Paved,4,64,3,10,0,0.000358468782463947
125913,540981,0,0.08,02_6692977,2,02_41,Oregon, ,MURRAY BLVD,Municipal,Paved,4,40,3,7,0,0.000722468100229697
128575,543908,0,0.11,02_6819218,2,02_53,Washington,S500, ,State,Paved,5,88,2,7,0,0.00102862504083626
127224,542838,0,0.12,02_6779389,2,02_41,Oregon,I84,COLUMBIA RIVER HWY,State,Paved,6,104,1,1,0,0.00151395091942567
127691,542312,0,0.08,02_6765737,2,02_41,Oregon,S99W,FRONT ST,State,Paved,2,72,4,0,0,0.000786763645049932
127857,542545,0,0.02,02_6770559,2,02_41,Oregon,U30  B,BURNSIDE ST,State,Paved,4,80,3,10,0,0.000263016878364409
128355,543675,0,0.81,02_6812283,2,02_53,Washington, ,NE HWY 99,Municipal,Paved,4,56,3,10,0,0.00731165212562153
126062,540943,0,1.22,02_6691082,2,02_41,Oregon,S8,TUALATIN VALLEY HWY,State,Paved,2,48,3,7,0,0.0154955253350739
127193,542805,0,0.11,02_6778634,2,02_41,Oregon,I205,E PORTLAND FRWY,State,Paved,6,88,1,1,0,0.000977913826548954
126560,544053,0,0.82,02_6823139,2,02_53,Washington, ,NE 162ND AV,Municipal,Paved,4,64,3,10,0,0.00740114949859891
125870,541238,0,0.4,02_6701322,2,02_41,Oregon,U26,SUNSET HWY,State,Paved,7,88,2,7,0,0.00486176066027398
127367,542013,0,0.24,02_6762417,2,02_41,Oregon,S213,E PORTLAND FRWY,State,Paved,4,88,2,7,0,0.00219357977095646
123288,542009,0,0.85,02_6758166,2,02_41,Oregon,S43,STATE ST,State,Paved,4,56,3,7,0,0.0077078482296369
123214,542286,0,0.12,02_6765099,2,02_41,Oregon,U26E,POWELL BLVD,State,Paved,2,64,4,0,0,0.00147140344650977
127124,542259,0,0.1,02_6764470,2,02_41,Oregon,S43S,HOOD AV,State,Paved,2,56,3,10,0,0.000907111536313292
127714,542335,0,0.01,02_6766311,2,02_41,Oregon,U26,POWELL BLVD,State,Paved,3,40,3,10,0,0.000185528909503944
127785,542590,0,0.02,02_6771834,2,02_41,Oregon, ,WEIDLER ST,Municipal,Paved,3,80,3,10,0,0.000286047038420328
127293,543091,0,0.04,02_6788666,2,02_53,Washington,S14,LEWIS AND CLARK HWY,State,Paved,4,96,2,7,0,0.000480037983464423
126632,542971,0,0.08,02_6783194,2,02_53,Washington,S14,LEWIS AND CLARK HWY,State,Paved,4,96,2,7,0,0.00101573489912212
128547,543622,0,0.05,02_6810804,2,02_53,Washington,I5, ,State,Paved,6,96,1,1,0,0.000462017698477
128449,543507,0,0.82,02_6814197,2,02_53,Washington, ,NE HWY 99,Municipal,Paved,4,56,3,10,0,0.0074855024537915
127957,543258,0,0.16,02_6793319,2,02_41,Oregon, , ,Municipal,Paved,4,56,3,10,0,0.00148100310344286
125942,541017,0,0.36,02_6694016,2,02_41,Oregon,I5,PACIFIC HWY,State,Paved,6,88,1,1,0,0.00338152619772939
123237,542034,0,0.04,02_6758725,2,02_41,Oregon,S43,AV A,State,Paved,4,48,3,7,0,0.000525323897697231
123188,542373,0,0.05,02_6767345,2,02_41,Oregon,U26,POWELL BLVD,State,Paved,4,64,3,10,0,0.000635593587105726
127934,543185,0,0.06,02_6790953,2,02_41,Oregon, , ,Municipal,Paved,2,72,3,10,0,0.000830000805654828
127983,543012,0,0.81,02_6787083,2,02_41,Oregon, ,DIVISION ST,Municipal,Paved,4,64,3,10,0,0.0103609944925773
123065,542741,0,0.18,02_6776358,2,02_41,Oregon,S99E,UNION AV,State,Paved,4,88,3,8,0,0.00209799343752708
128475,543647,0,0.11,02_6811386,2,02_53,Washington,S500, ,State,Paved,2,40,4,7,0,0.00146439533540503
128524,543600,0,0.09,02_6810167,2,02_53,Washington,S501, ,State,Paved,2,48,3,8,0,0.00109704574591917
128598,543882,0,0.02,02_6817994,2,02_53,Washington,S500, ,State,Paved,5,96,2,7,0,0.000294727706223411
125893,540962,0,0.53,02_6692025,2,02_41,Oregon,S8,TUALATIN VALLEY HWY,State,Paved,4,64,3,7,0,0.00674947772799349
126005,541048,0,0.23,02_6694872,2,02_41,Oregon,S217,BEAVERTON-TIGARD HWY,State,Paved,4,88,2,7,0,0.00270918789534121
125993,541029,0,0.7,02_6694605,2,02_41,Oregon,S217,BEAVERTON-TIGARD HWY,State,Paved,4,88,2,7,0,0.0062836827425673
127665,542344,0,0.08,02_6766511,2,02_41,Oregon,S99W,FRONT ST,State,Paved,2,72,4,0,0,0.000753299704589056
126254,541333,0,0.06,02_6703857,2,02_41,Oregon,I405,STADIUM EXWY,State,Paved,6,104,1,1,0,0.000586776196246845
127914,543008,0,1.51,02_6790311,2,02_41,Oregon, ,GLISAN ST,Municipal,Paved,4,64,3,10,0,0.0193151312195134
126752,544091,0,1.22,02_6824214,2,02_53,Washington, , ,Municipal,Paved,2,64,3,10,0,0.0109330783547947
123337,538083,0,0.11,02_6723640,2,02_53,Washington, ,W 16TH ST,Municipal,Paved,2,56,3,0,0,0.00143823701142991
128412,543778,0,0.2,02_6815847,2,02_53,Washington,I205, ,State,Paved,4,96,1,1,0,0.00217200785909505
126148,541190,0,0.02,02_6698043,2,02_41,Oregon,S99W,BARBUR BLVD,State,Paved,2,88,3,10,0,0.000205548010083238
122945,541260,0,0.11,02_6700162,2,02_41,Oregon, ,CEDAR HILLS BLVD,Municipal,Paved,2,72,4,0,0,0.000974455192546563
127771,542569,0,0.4,02_6771650,2,02_41,Oregon,I84,COLUMBIA RIVER HWY,State,Paved,6,104,1,1,0,0.00477045530719439
127273,542007,0,1.58,02_6787979,2,02_41,Oregon,U30  P,SANDY BLVD,State,Paved,4,48,3,10,0,0.0201468664926831
127144,542947,0,0.03,02_6782459,2,02_41,Oregon,U30  B,SANDY BLVD,State,Paved,3,72,3,10,0,0.000326663928129126
126597,541901,0,1.88,02_6815985,2,02_53,Washington,S14,LEWIS AND CLARK HWY,State,Paved,4,96,2,7,0,0.0238229523023707
128269,543745,0,0.13,02_6814432,2,02_53,Washington,I5, ,State,Paved,8,96,1,1,0,0.0011849729719445
128318,543946,0,0.08,02_6820057,2,02_53,Washington,I205, ,State,Paved,4,96,1,1,0,0.000953934693068432
126111,540869,0,0.04,02_6687910,2,02_41,Oregon, ,MURRAY BLVD,Municipal,Paved,2,64,4,0,0,0.00045680737974999
126099,540852,0,0.11,02_6687462,2,02_41,Oregon, , ,Municipal,Paved,4,72,3,10,0,0.00140278884160026
125650,540819,0,0.47,02_6686221,2,02_41,Oregon,S10,FARMINGTON RD,State,Paved,2,72,4,0,0,0.00560499797330273
126646,542990,0,0.02,02_6783771,2,02_41,Oregon, ,S SPRINGWATER RD,Municipal,Paved,2,72,4,0,0,0.000187771438981288
128306,543932,0,0.59,02_6819509,2,02_53,Washington,I205, ,State,Paved,4,96,1,1,0,0.00620314731663287
126205,541088,0,0.05,02_6696057,2,02_41,Oregon, , ,Municipal,Paved,2,72,3,10,0,0.000590298682451677
125458,540917,0,0.29,02_6689843,2,02_41,Oregon,U26,SUNSET HWY,State,Paved,4,88,3,7,0,0.00350875622519577
126291,541460,0,0.04,02_6706031,2,02_41,Oregon, ,BALBOA AVE,Municipal,Paved,2,48,3,8,0,0.000459657712780257
127130,542256,0,0.03,02_6764855,2,02_41,Oregon,S43S,HOOD AV,State,Paved,2,56,3,10,0,0.00031109607915484
123208,542284,0,0.05,02_6765042,2,02_41,Oregon,I405,STADIUM EXWY,State,Paved,6,104,1,1,0,0.000608445580422207
122959,541417,0,0,02_6705298,2,02_41,Oregon, ,GLISAN ST,Municipal,Paved,2,72,4,8,0,3.50563620037972E-05
127536,542685,0,0.01,02_6774420,2,02_41,Oregon,I5,PACIFIC HWY,State,Paved,6,88,1,1,0,5.00099745388595E-05
127877,542705,0,0.01,02_6774924,2,02_41,Oregon,U30  P,LOMBARD ST,State,Paved,4,56,4,0,0,0.000151002926466815
127287,543069,0,0.33,02_6788140,2,02_41,Oregon,I205,E PORTLAND FRWY,State,Paved,6,88,1,1,0,0.00344610983782793
126881,543561,0,0.18,02_6809439,2,02_53,Washington, ,C ST,Municipal,Paved,2,40,3,10,0,0.00157804540612733
127963,543267,0,0.06,02_6793702,2,02_41,Oregon, , ,Municipal,Paved,2,56,3,10,0,0.000528379051747077
126932,541969,0,0.34,02_6755665,2,02_41,Oregon, ,MOLALLA AV,Municipal,Paved,2,72,4,0,0,0.00342843092960943
126944,541965,0,0.87,02_6756333,2,02_41,Oregon, ,MOLALLA AV,Municipal,Paved,2,72,4,0,0,0.00897233251856432
125862,541269,0,0.58,02_6701131,2,02_41,Oregon,S10,BEAVERTON-HILLSBORO HWY,State,Paved,4,56,3,10,0,0.00741004570954149
127485,542785,0,0.08,02_6777585,2,02_41,Oregon, ,60TH AV,Municipal,Paved,2,40,3,0,0,0.000874675575409123
123145,542442,0,0,02_6768399,2,02_41,Oregon, ,BELMONT ST,Municipal,Paved,2,56,4,7,0,1.43173397739243E-05
123157,542448,0,0.08,02_6768498,2,02_41,Oregon,U30  B,BURNSIDE ST,State,Paved,3,72,3,10,0,0.00102830360466899
125899,540968,0,0.55,02_6692128,2,02_41,Oregon, ,MURRAY BLVD,Municipal,Paved,4,72,3,7,0,0.00491487201545203
128555,543891,0,0.02,02_6818551,2,02_53,Washington,I205, ,State,Paved,6,96,1,1,0,0.000148413882928837
128567,543901,0,0.47,02_6818728,2,02_53,Washington, ,NE 112TH AV,Municipal,Paved,2,56,3,10,0,0.00437680474612629
126895,543112,0,0.03,02_6792199,2,02_41,Oregon, , ,Municipal,Paved,4,56,3,10,0,0.000297001454913133
123194,542396,0,0.08,02_6767678,2,02_41,Oregon, ,EVERETT ST,Municipal,Paved,2,72,4,8,0,0.00101417742569278
127522,542219,0,0.09,02_6782364,2,02_41,Oregon,I205,E PORTLAND FRWY,State,Paved,7,88,1,1,0,0.000832215780441005
127473,542213,0,1.27,02_6776917,2,02_41,Oregon,U30 P,COLUMBIA BLVD,State,Paved,4,40,3,8,0,0.0159580334990312
125223,541490,0,0.1,02_6708394,2,02_41,Oregon, ,MARINE DR,Municipal,Paved,4,64,4,8,0,0.00106728458468334
128518,543529,0,0.11,02_6810101,2,02_53,Washington, , ,Municipal,Paved,2,56,3,0,0,0.001369281279729
128604,543884,0,0.1,02_6818353,2,02_53,Washington,I205, ,State,Paved,6,96,1,1,0,0.000992581555471145
127336,542109,0,0.08,02_6761629,2,02_41,Oregon,I205,E PORTLAND FRWY,State,Paved,6,88,1,1,0,0.000847681887276837
127330,542097,0,0.18,02_6760866,2,02_41,Oregon,I205,E PORTLAND FRWY,State,Paved,6,88,1,1,0,0.00222579052543195
125415,540107,0,1.18,02_6722205,2,02_41,Oregon,U30,ST HELENS RD,State,Paved,4,64,3,7,0,0.0131193336653326
127081,542193,0,0.06,02_6763194,2,02_41,Oregon,I205,E PORTLAND FRWY,State,Paved,6,88,1,1,0,0.00058235096792484
123251,542048,0,0.17,02_6759409,2,02_41,Oregon,S99E,MCLOUGHLIN BLVD,State,Paved,4,48,3,10,0,0.00157320248046487
127828,542519,0,0.02,02_6769943,2,02_41,Oregon, ,MORRISON ST,Municipal,Paved,2,80,4,7,0,0.00030858689926518
127579,542883,0,0.14,02_6781343,2,02_53,Washington,S14,LEWIS AND CLARK HWY,State,Paved,4,96,2,7,0,0.00181960076238915
125664,540814,0,1.27,02_6687061,2,02_41,Oregon,S10,FARMINGTON RD,State,Paved,2,64,3,10,0,0.0152017491564201
127087,542195,0,0.44,02_6763318,2,02_41,Oregon,I205,E PORTLAND FRWY,State,Paved,6,88,1,1,0,0.00426090934876393
122859,540991,0,0.71,02_6698167,2,02_41,Oregon, ,KRUSE WY,Municipal,Paved,4,88,2,7,0,0.00858456911694424
122853,541185,0,0.4,02_6698049,2,02_41,Oregon,I5,PACIFIC HWY,State,Paved,6,88,1,1,0,0.0046561480875845
126056,540937,0,0.03,02_6690499,2,02_41,Oregon, ,NW CORNELIUS PASS RD,Municipal,Paved,3,56,4,10,0,0.000289373464029597
127181,542796,0,0.7,02_6778106,2,02_41,Oregon,U26,POWELL BLVD,State,Paved,4,56,3,10,0,0.00896416030720065
127679,542357,0,0.03,02_6767068,2,02_41,Oregon,S99E,MCLOUGHLIN BLVD,State,Paved,6,56,3,7,0,0.000284965434741372
127728,542474,0,0.26,02_6769103,2,02_41,Oregon,I405, ,State,Paved,6,104,1,1,0,0.00256198029709817
127722,542471,0,0.01,02_6769024,2,02_41,Oregon, ,INTERSTATE AV,Municipal,Paved,4,80,4,8,0,5.70700624405516E-05
127230,542768,0,0.45,02_6779541,2,02_41,Oregon,I205,E PORTLAND FRWY,State,Paved,6,88,1,1,0,0.00401579572310584
127236,542849,0,0.04,02_6779598,2,02_41,Oregon, ,GLISAN ST,Municipal,Paved,4,40,3,10,0,0.00051800003384983
123394,541484,0,0.24,02_6708264,2,02_41,Oregon,I5,PACIFIC HWY,State,Paved,6,88,1,1,0,0.00219296834372516
127187,542802,0,0.01,02_6778251,2,02_41,Oregon,I205,E PORTLAND FRWY,State,Paved,6,88,1,1,0,9.70825489835434E-05
125956,541031,0,0.04,02_6694562,2,02_41,Oregon,S210,SCHOLLS FERRY RD,State,Paved,4,56,3,10,0,0.000369871458054834
126297,541458,0,0.29,02_6706504,2,02_41,Oregon,U30,ST HELENS RD,State,Paved,4,72,3,7,0,0.00326469042327547
127379,542167,0,0.25,02_6762596,2,02_41,Oregon,S224,MILWAUKIE EXWY,State,Paved,4,88,2,7,0,0.00299991787905325
123300,542033,0,0.08,02_6758715,2,02_41,Oregon,S43,STATE ST,State,Paved,4,56,3,7,0,0.000686792417701508
127628,542414,0,0.01,02_6767814,2,02_41,Oregon,U30  B,BURNSIDE ST,State,Paved,2,72,3,10,0,0.000172046042438475
127871,542502,0,0.08,02_6771057,2,02_41,Oregon,S99E,UNION AV,State,Paved,4,48,3,10,0,0.00071005721898125
127038,543034,0,0.16,02_6786730,2,02_41,Oregon, , ,Municipal,Paved,2,72,3,10,0,0.00201809971100552
123051,542737,0,0.51,02_6775817,2,02_41,Oregon, ,COLUMBIA BLVD,Municipal,Paved,4,40,3,8,0,0.00651053724763601
126546,541891,0,1.2,02_6822457,2,02_53,Washington, ,SE OLYMPIA DR,Municipal,Paved,4,72,5,0,0,0.011633051074754
128461,543628,0,0.18,02_6810938,2,02_53,Washington,I5, ,State,Paved,6,96,1,1,0,0.00162933465184195
125464,540929,0,0.03,02_6690187,2,02_41,Oregon, ,CORNELL RD,Municipal,Paved,5,40,3,7,0,0.000278883611185324
127479,542778,0,0.77,02_6777117,2,02_41,Oregon,I84,COLUMBIA RIVER HWY,State,Paved,6,104,1,1,0,0.00915546203870218
126348,541389,0,0.01,02_6704717,2,02_41,Oregon,U26, ,State,Paved,3,56,4,0,0,0.000174399877963214
123151,542438,0,0.03,02_6768448,2,02_41,Oregon,I5,PACIFIC HWY,State,Paved,6,104,1,1,0,0.000265339527936349
127430,542609,0,0.24,02_6772416,2,02_41,Oregon,S99E,GRAND AV,State,Paved,4,48,3,10,0,0.00213306594665778
128020,543119,0,0.84,02_6791419,2,02_41,Oregon, ,BURNSIDE RD,Municipal,Paved,4,72,3,7,0,0.0105442104029367
128512,543595,0,0.08,02_6810040,2,02_53,Washington, ,C ST,Municipal,Paved,2,40,3,10,0,0.000725034175689845
127971,543272,0,0.8,02_6793790,2,02_41,Oregon,I84,COLUMBIA RIVER HWY,State,Paved,6,104,1,1,0,0.00998834854672775
128561,543898,0,0.08,02_6818609,2,02_53,Washington,S500, ,State,Paved,5,88,2,7,0,0.000977335750419548
126889,543221,0,0.05,02_6792147,2,02_41,Oregon, , ,Municipal,Paved,4,56,3,10,0,0.000432242827651171
126938,541974,0,0.4,02_6756166,2,02_41,Oregon,S213,S CASCADE HWY,State,Paved,3,56,3,10,0,0.00400048030714393
127422,542123,0,0,02_6761550,2,02_41,Oregon,S213,S CASCADE HWY,State,Paved,3,72,3,10,0,1.65525075696904E-05
123248,542046,0,0.18,02_6759319,2,02_41,Oregon,S99E,MCLOUGHLIN BLVD,State,Paved,4,48,3,10,0,0.0018233186514682
127754,542504,0,0.08,02_6771165,2,02_41,Oregon, , ,Municipal,Paved,2,40,3,10,0,0.00101500803421821
123177,542362,0,0.16,02_6767208,2,02_41,Oregon,S99E,UNION AV,State,Paved,4,48,3,7,0,0.00142282773511666
127825,542516,0,0.03,02_6769919,2,02_41,Oregon, ,BELMONT ST,Municipal,Paved,2,56,4,7,0,0.000351387142307971
127161,542958,0,0.03,02_6783018,2,02_41,Oregon,I205,E PORTLAND FRWY,State,Paved,6,88,1,1,0,0.000278298812979639
127493,542916,0,0.07,02_6781540,2,02_41,Oregon,U30  P,KILLINGSWORTH ST,State,Paved,4,56,3,7,0,0.00084299972387214
128418,543499,0,0.4,02_6815907,2,02_53,Washington, ,E MILL PLAIN BLVD,Municipal,Paved,4,56,3,10,0,0.00512018182897015
126165,541142,0,0.09,02_6696904,2,02_41,Oregon, ,SW STAFFORD RD,Municipal,Paved,2,88,4,0,0,0.000864410356245386
127090,542198,0,0.4,02_6763395,2,02_41,Oregon,I205,E PORTLAND FRWY,State,Paved,6,88,1,1,0,0.00373982712097723
126142,541184,0,0.01,02_6697991,2,02_41,Oregon,S10,BARBUR BLVD,State,Paved,2,88,3,7,0,0.000116250304614212
122939,541250,0,0.17,02_6700093,2,02_41,Oregon,S8,CANYON RD,State,Paved,2,88,3,7,0,0.00213422532260327
127138,542242,0,0.19,02_6764936,2,02_41,Oregon,S43S,HOOD AV,State,Paved,2,56,3,10,0,0.00195956064551048
127777,542500,0,0.08,02_6771723,2,02_41,Oregon, , ,Municipal,Paved,2,40,3,10,0,0.000706765620276917
123154,542445,0,0.12,02_6768466,2,02_41,Oregon,S99W,FRONT ST,State,Paved,2,72,4,0,0,0.00106507925879324
128441,543723,0,0.02,02_6814049,2,02_53,Washington,S500, ,State,Paved,4,88,2,7,0,0.000208010028780882
126119,541165,0,0.01,02_6697414,2,02_41,Oregon, ,KRUSE WY,Municipal,Paved,4,88,2,7,0,6.83517810723874E-05
125455,540263,0,2.77,02_6689779,2,02_41,Oregon,U26,SUNSET HWY,State,Paved,4,88,3,7,0,0.0334285412598253
123294,542027,0,0.87,02_6758571,2,02_41,Oregon,S99E,MCLOUGHLIN BLVD,State,Paved,4,64,3,10,0,0.00868109500302598
127376,542168,0,0.05,02_6762578,2,02_41,Oregon,S224,MILWAUKIE EXWY,State,Paved,4,88,2,7,0,0.000613012680681599
127708,542322,0,0.04,02_6766237,2,02_41,Oregon,S43N,MACADAM AV,State,Paved,2,64,3,10,0,0.000517381981586616
122962,541411,0,0.07,02_6705326,2,02_41,Oregon, ,GLISAN ST,Municipal,Paved,2,72,4,8,0,0.000868000414284586
127044,543037,0,0.17,02_6786822,2,02_41,Oregon, , ,Municipal,Paved,4,72,3,10,0,0.00211701191419361
128372,543681,0,0.92,02_6812640,2,02_53,Washington, ,E FOURTH PLAIN BLVD,Municipal,Paved,4,48,3,10,0,0.0117879002720612
126048,540900,0,0.79,02_6689130,2,02_41,Oregon,S8,TUALATIN VALLEY HWY,State,Paved,4,64,3,7,0,0.0100837839881577
128040,543130,0,0.02,02_6789659,2,02_41,Oregon, , ,Municipal,Paved,6,72,3,10,0,0.000215021191792007
127399,542099,0,0.2,02_6760936,2,02_41,Oregon,S99E,MCLOUGHLIN BLVD,State,Paved,4,64,3,10,0,0.00202297505458819
126305,541466,0,1.19,02_6706660,2,02_41,Oregon, ,YEON AV,Municipal,Paved,4,72,3,7,0,0.0143431981311343
125973,541327,0,0.24,02_6702721,2,02_41,Oregon,U30  P,LOMBARD ST,State,Paved,4,56,4,0,0,0.0027247945928175
127731,542457,0,0.14,02_6769183,2,02_41,Oregon,I405, ,State,Paved,6,104,1,1,0,0.00126022015040198
128063,543152,0,0.1,02_6790189,2,02_41,Oregon, , ,Municipal,Paved,6,72,3,10,0,0.000910400483622363
125432,541635,0,0.29,02_6723323,2,02_53,Washington,S501,NW NEW LOWER RIVER RD,State,Paved,2,80,3,8,0,0.00353019200696603
128395,543770,0,0.8,02_6815202,2,02_53,Washington, ,NE ST JOHNS RD,Municipal,Paved,4,56,4,0,0,0.00723117324473877
127067,543297,0,0.02,02_6794732,2,02_53,Washington,S14, ,State,Paved,4,88,2,7,0,0.000196621628642136
126921,541957,0,4.49,02_6754706,2,02_41,Oregon,S99E,E PACIFIC HWY,State,Paved,4,88,4,0,0,0.0433364374436641
125996,541036,0,0.27,02_6694694,2,02_41,Oregon,S217,BEAVERTON-TIGARD HWY,State,Paved,4,88,2,7,0,0.00268381708828748
126334,541288,0,0.01,02_6701059,2,02_41,Oregon,S8,CANYON RD,State,Paved,2,88,3,7,0,0.000144069985316816
127585,542913,0,0.18,02_6781486,2,02_41,Oregon,S213,82ND AV,State,Paved,4,80,3,10,0,0.00172322575050628
127662,542343,0,0.03,02_6766467,2,02_41,Oregon,I5,PACIFIC HWY,State,Paved,4,104,1,1,0,0.000299566061429471
126257,541357,0,0.11,02_6703891,2,02_41,Oregon,I405,STADIUM EXWY,State,Paved,6,104,1,1,0,0.00128083912358058
123340,538084,0,0.5,02_6723675,2,02_53,Washington,S501,NW NEW LOWER RIVER RD,State,Paved,4,48,3,8,0,0.00645077291084049
128326,543656,0,0.28,02_6811507,2,02_53,Washington,I5, ,State,Paved,6,96,1,1,0,0.00257785096257991
128249,543847,0,0.33,02_6817573,2,02_53,Washington,I205, ,State,Paved,6,96,1,1,0,0.00294325679395526
128255,543855,0,0.07,02_6817664,2,02_53,Washington,I205, ,State,Paved,6,96,1,1,0,0.000606624099491152
126660,542979,0,1.66,02_6784943,2,02_41,Oregon,S212,CLACKAMAS-BORING HWY,State,Paved,2,72,3,7,0,0.0198210180520847
127347,542138,0,0.17,02_6761827,2,02_41,Oregon,S213,S CASCADE HWY,State,Paved,2,72,3,10,0,0.00158011536941711
126019,541060,0,0.05,02_6695393,2,02_41,Oregon,S10,BARBUR BLVD,State,Paved,2,88,3,7,0,0.000602730089610573
126234,541118,0,0.04,02_6696579,2,02_41,Oregon, , ,Municipal,Paved,3,72,3,10,0,0.000496000668757014
127685,542274,0,0.38,02_6765681,2,02_41,Oregon,S99W,FRONT ST,State,Paved,4,72,4,0,0,0.00346232242795536
126357,541336,0,0.09,02_6704792,2,02_41,Oregon,U26, ,State,Paved,2,80,4,0,0,0.0010588013651622
127562,542889,0,0.78,02_6780544,2,02_41,Oregon, ,47TH AVE,Municipal,Paved,2,72,5,8,0,0.00697651679713929
127568,542892,0,0.26,02_6780716,2,02_41,Oregon, ,KILLINGSWORTH ST,Municipal,Paved,2,64,4,0,0,0.00332547455263628
123062,542744,0,0.04,02_6775967,2,02_41,Oregon,S99E,UNION AV,State,Paved,4,88,3,8,0,0.000492000767112955
128232,543837,0,0.08,02_6817047,2,02_53,Washington,I205, ,State,Paved,7,96,1,1,0,0.000747136873057448
128349,543673,0,0.17,02_6812219,2,02_53,Washington,I5, ,State,Paved,6,96,1,1,0,0.00151606463586377
127021,543016,0,0.81,02_6786032,2,02_41,Oregon,U26,POWELL BLVD,State,Paved,4,56,3,10,0,0.0103320214354382
126898,541926,0,1.48,02_6792336,2,02_41,Oregon, ,BURNSIDE RD,Municipal,Paved,4,72,3,7,0,0.0181987854575673
126211,541092,0,0.5,02_6696125,2,02_41,Oregon,I5,PACIFIC HWY,State,Paved,8,88,1,1,0,0.00448006437849681
127370,542145,0,0.25,02_6762463,2,02_41,Oregon,I205,E PORTLAND FRWY,State,Paved,6,88,1,1,0,0.00230085526247896
122968,541425,0,0.06,02_6705685,2,02_41,Oregon,I405,STADIUM EXWY,State,Paved,4,104,1,1,0,0.000496951514016049
126288,541446,0,0.06,02_6706012,2,02_41,Oregon,I405, ,State,Paved,6,104,1,1,0,0.000591920411562716
127616,542221,0,0.82,02_6774188,2,02_41,Oregon, ,INTERSTATE AVE,Municipal,Paved,2,56,4,8,0,0.00758125325814324
127539,542680,0,0.41,02_6774446,2,02_41,Oregon,I5,PACIFIC HWY,State,Paved,6,88,1,1,0,0.00366672390624727
123386,538080,0,0.37,02_6708020,2,02_41,Oregon,U30  P,LOMBARD ST,State,Paved,4,56,4,0,0,0.004778095841393
126875,543558,0,0.05,02_6809355,2,02_53,Washington,I5, ,State,Paved,6,104,1,1,0,0.000593030012459336
126042,540896,0,0.54,02_6688933,2,02_41,Oregon, ,CORNELL RD,Municipal,Paved,4,72,3,7,0,0.00684496236560303
128034,543216,0,0.03,02_6792037,2,02_41,Oregon, , ,Municipal,Paved,2,72,3,10,0,0.000261017350955181
126952,543368,0,1.63,02_6801766,2,02_41,Oregon, ,242ND DR,Municipal,Paved,2,72,3,7,0,0.0150673944571439
126311,541261,0,0.05,02_6700260,2,02_41,Oregon, ,BROADWAY,Municipal,Paved,2,72,5,0,0,0.000653536294900756
127393,542188,0,0.04,02_6763085,2,02_41,Oregon,S213,E PORTLAND FRWY,State,Paved,4,88,2,7,0,0.000392921604935427
127639,542419,0,0.14,02_6767892,2,02_41,Oregon, ,BROADWAY AV,Municipal,Paved,4,72,3,8,0,0.00125703728477685
128057,543146,0,0.08,02_6790137,2,02_41,Oregon, , ,Municipal,Paved,6,72,3,10,0,0.000709011320199539
127516,542919,0,0.02,02_6782229,2,02_41,Oregon, ,COLUMBIA BLVD,Municipal,Paved,2,40,3,8,0,0.000268794601428866
128180,543961,0,1.14,02_6820438,2,02_53,Washington, ,NE 83RD ST,Municipal,Paved,2,72,3,10,0,0.0146070717733297
126188,541064,0,0.82,02_6695520,2,02_41,Oregon, ,SW STAFFORD RD,Municipal,Paved,2,56,4,0,0,0.0100132911393384
125647,540813,0,2.99,02_6685655,2,02_41,Oregon,S210, ,State,Paved,2,88,4,0,0,0.0367911992507955
126065,540948,0,1.35,02_6691163,2,02_41,Oregon, ,185TH AV,Municipal,Paved,4,72,3,10,0,0.0121369665087967
128303,543935,0,0.06,02_6819480,2,02_53,Washington,I205, ,State,Paved,4,96,1,1,0,0.000679230797990087
126975,543400,0,0.1,02_6803011,2,02_53,Washington,S14, ,State,Paved,4,88,2,7,0,0.00122794101984585
127416,542116,0,0.23,02_6761476,2,02_41,Oregon,I205,E PORTLAND FRWY,State,Paved,6,88,1,1,0,0.00251508930996338
122922,541221,0,0.29,02_6699451,2,02_41,Oregon,S10,CAPITOL HWY,State,Paved,3,72,3,10,0,0.00366559899031264
123171,542462,0,0.15,02_6768928,2,02_41,Oregon,I405, ,State,Paved,6,104,1,1,0,0.00159297544712847
127748,542491,0,0.07,02_6769778,2,02_41,Oregon, ,BROADWAY,Municipal,Paved,3,72,3,8,0,0.000866861745352866
127499,542905,0,0.5,02_6781636,2,02_41,Oregon,U30  P,KILLINGSWORTH ST,State,Paved,4,72,3,7,0,0.00639601482692632
127167,542962,0,0.15,02_6783093,2,02_41,Oregon,I205,E PORTLAND FRWY,State,Paved,6,88,1,1,0,0.0016454189662689
128495,543583,0,0.09,02_6809618,2,02_53,Washington, ,W 15TH ST,Municipal,Paved,2,56,3,0,0,0.00116201595545828
126171,541148,0,0.08,02_6697272,2,02_41,Oregon,I205,E PORTLAND FRWY,State,Paved,4,104,1,1,0,0.00104342805217729
126088,540847,0,0.15,02_6687240,2,02_41,Oregon,S210,SCHOLLS FERRY RD,State,Paved,2,64,5,0,0,0.00167252504364249
126265,541335,0,0.77,02_6704335,2,02_41,Oregon,U30,ST HELENS RD,State,Paved,2,72,4,0,0,0.00901800677060393
127808,542611,0,0.06,02_6772378,2,02_41,Oregon,S99E,UNION AV,State,Paved,4,48,3,10,0,0.000514015723146158
126775,543101,0,0.3,02_6789093,2,02_53,Washington, ,SE 164TH AV,Municipal,Paved,6,64,3,10,0,0.00268960967877162
128435,543717,0,0.01,02_6813627,2,02_53,Washington, ,ST JOHNS RD,Municipal,Paved,2,56,3,10,0,0.000115676346057624
125933,541013,0,0.01,02_6693880,2,02_41,Oregon,I205,E PORTLAND FRWY,State,Paved,4,104,1,1,0,0.000138166198551404
123277,541988,0,1.28,02_6757161,2,02_41,Oregon, ,S REDLAND RD,Municipal,Paved,2,72,4,0,0,0.0160331634810261
127107,542212,0,0.08,02_6764116,2,02_41,Oregon,I205,E PORTLAND FRWY,State,Paved,6,88,1,1,0,0.000759378964917664
122876,541150,0,1.32,02_6699080,2,02_41,Oregon,S99W,BARBUR BLVD,State,Paved,2,88,3,10,0,0.0153715345835273
125873,541298,0,0.27,02_6701411,2,02_41,Oregon,S10,BEAVERTON-HILLSBORO HWY,State,Paved,4,56,3,10,0,0.00348668736650984
123217,542296,0,0,02_6765157,2,02_41,Oregon,U26E,FRONT ST,State,Paved,3,48,4,0,0,1.70297275449778E-05
127794,542600,0,0,02_6771910,2,02_41,Oregon, ,WILLIAMS AVE,Municipal,Paved,2,72,4,8,0,2.29995361067381E-05
127213,542824,0,0.07,02_6778865,2,02_41,Oregon,I205,E PORTLAND FRWY,State,Paved,6,88,1,1,0,0.000671326578287882
127545,542672,0,0.26,02_6774795,2,02_41,Oregon, ,KILLINGSWORTH ST,Municipal,Paved,2,64,4,0,0,0.00336407546490933
127462,542725,0,0.54,02_6776511,2,02_41,Oregon, ,COLUMBIA BLVD,Municipal,Paved,4,40,3,8,0,0.00672359216721214
126869,543553,0,0.12,02_6808986,2,02_53,Washington, ,WASHINGTON ST,Municipal,Paved,3,40,3,10,0,0.0010673167318229
128541,543620,0,0.05,02_6810730,2,02_53,Washington, ,W 15TH ST,Municipal,Paved,3,40,3,0,0,0.000636734445223431
128295,543929,0,0.33,02_6819305,2,02_53,Washington, ,NW 78TH ST,Municipal,Paved,2,64,4,0,0,0.00403977607746347
127201,541998,0,1.1,02_6778716,2,02_41,Oregon,U26,POWELL BLVD,State,Paved,4,56,3,10,0,0.01390609145513
126182,541062,0,0.16,02_6695424,2,02_41,Oregon,S10,BARBUR BLVD,State,Paved,2,88,3,7,0,0.0018484175102847
127608,542658,0,0.02,02_6774071,2,02_41,Oregon, ,39TH AV,Municipal,Paved,4,88,3,10,0,0.000147063454629303
123231,542273,0,0.08,02_6765634,2,02_41,Oregon,I405,EXIT,State,Paved,6,104,1,1,0,0.00102026000375325
127854,542544,0,0.01,02_6770533,2,02_41,Oregon,U30  B,BURNSIDE ST,State,Paved,4,72,3,10,0,0.000137039545697982
127940,543192,0,0.05,02_6791014,2,02_41,Oregon, , ,Municipal,Paved,6,72,3,10,0,0.000459039143949507
126858,543538,0,0.03,02_6808862,2,02_53,Washington,S14,LEWIS AND CLARK HWY,State,Paved,5,88,2,7,0,0.000380616112706427
128481,543659,0,0.01,02_6811457,2,02_53,Washington, ,MAIN ST,Municipal,Paved,4,56,3,10,0,0.000109895697533179
128186,543965,0,0.32,02_6820875,2,02_53,Washington,S503,NE 117TH AV,State,Paved,2,56,3,7,0,0.0029101008216006
126328,541277,0,0.26,02_6700998,2,02_41,Oregon,S217,BEAVERTON-TIGARD HWY,State,Paved,4,88,2,7,0,0.00234682965495106
128000,543058,0,0.16,02_6787786,2,02_41,Oregon, , ,Municipal,Paved,2,72,3,10,0,0.0020240012496125
126915,543234,0,0.04,02_6793052,2,02_41,Oregon, , ,Municipal,Paved,4,40,3,10,0,0.000383278443339787
127253,542860,0,0.2,02_6779801,2,02_41,Oregon,I84,COLUMBIA RIVER HWY,State,Paved,6,104,1,1,0,0.00221907758144708
127994,543054,0,0.02,02_6787723,2,02_41,Oregon, , ,Municipal,Paved,4,72,3,10,0,0.00021000958387869
128243,543846,0,0.03,02_6817161,2,02_53,Washington,I205, ,State,Paved,7,96,1,1,0,0.000326094273562288
128587,543791,0,0.56,02_6817809,2,02_53,Washington,S500, ,State,Paved,4,88,2,7,0,0.00708846975391621
125925,541003,0,0.47,02_6693668,2,02_41,Oregon, ,SW BOONES FERRY RD,Municipal,Paved,2,72,4,0,0,0.00481039357839072
126079,540960,0,0.96,02_6691838,2,02_41,Oregon,U26,SUNSET HWY,State,Paved,4,88,2,7,0,0.0115962429840385
128581,543859,0,0.47,02_6817711,2,02_53,Washington,I205, ,State,Paved,6,96,1,1,0,0.00427446175296202
126228,541113,0,0.08,02_6696238,2,02_41,Oregon, , ,Municipal,Paved,3,72,3,10,0,0.000860348500804171
127353,542144,0,0.3,02_6762271,2,02_41,Oregon,I205,E PORTLAND FRWY,State,Paved,6,88,1,1,0,0.00280668550130553
127359,542151,0,0.02,02_6762354,2,02_41,Oregon,I205,E PORTLAND FRWY,State,Paved,6,88,1,1,0,0.000161805512248579
127894,542715,0,0.4,02_6775086,2,02_41,Oregon,S99E,UNION AV,State,Paved,4,48,3,10,0,0.00362060419773357
127900,542721,0,0.6,02_6775563,2,02_41,Oregon,S99E,UNION AV,State,Paved,4,48,3,10,0,0.0054431226118469
127556,542706,0,0.02,02_6774918,2,02_41,Oregon,U30  P,LOMBARD ST,State,Paved,4,56,4,0,0,0.00020500247720444
126025,540874,0,0.22,02_6688110,2,02_41,Oregon, , ,Municipal,Paved,4,72,3,10,0,0.00273954327830866
126125,541167,0,0.23,02_6697458,2,02_41,Oregon,I5,PACIFIC HWY,State,Paved,8,88,1,1,0,0.00206912931268622
125879,541302,0,0.07,02_6701530,2,02_41,Oregon,U26,SUNSET HWY,State,Paved,6,88,2,7,0,0.000901892419319123
123371,541473,0,0.1,02_6707179,2,02_41,Oregon, ,SWIFT HWY 120,Municipal,Paved,2,72,4,8,0,0.00104785133063482
127453,542231,0,0.55,02_6773248,2,02_41,Oregon,U30  B,SANDY BLVD,State,Paved,3,72,3,10,0,0.00663794096907395
127702,542325,0,0.01,02_6765876,2,02_41,Oregon,I5,PACIFIC HWY,State,Paved,4,104,1,1,0,5.60804097584676E-05
128046,543138,0,0.15,02_6789735,2,02_41,Oregon, ,DIVISION ST,Municipal,Paved,4,64,3,10,0,0.00194200776600897
127207,542819,0,0.03,02_6778810,2,02_41,Oregon, ,DIVISION ST,Municipal,Paved,4,40,5,0,0,0.000352115389432931
128535,543609,0,0.1,02_6810348,2,02_53,Washington,S14,LEWIS AND CLARK HWY,State,Paved,4,96,2,7,0,0.00123742776934298
126620,543788,0,1.08,02_6816863,2,02_53,Washington, ,NE FOURTH PLAIN BLVD,Municipal,Paved,4,48,3,10,0,0.013069529823391
126961,541924,0,0.4,02_6802373,2,02_41,Oregon,I84,COLUMBIA RIVER HWY,State,Paved,6,104,1,1,0,0.00511433878302373
128289,543763,0,0.02,02_6815063,2,02_53,Washington,I5, ,State,Paved,8,96,1,1,0,0.000148368793470813
127307,542074,0,0.29,02_6760266,2,02_41,Oregon,I205,E PORTLAND FRWY,State,Paved,4,88,1,1,0,0.00317436428790318
126274,541235,0,0.42,02_6704589,2,02_41,Oregon, ,FRONT AVE,Municipal,Paved,2,56,4,8,0,0.00473630515252716
122979,541433,0,0.17,02_6705851,2,02_41,Oregon, ,NICOLAI ST,Municipal,Paved,2,48,5,8,0,0.00185674751571488
125979,541342,0,0.24,02_6703223,2,02_41,Oregon,U26,SUNSET HWY,State,Paved,6,88,2,7,0,0.00294618143133387
127602,542655,0,0.02,02_6773696,2,02_41,Oregon,U30  B,SANDY BLVD,State,Paved,3,72,3,10,0,0.000243303782031777
123225,542301,0,0.01,02_6765585,2,02_41,Oregon,S99W,FRONT ST,State,Paved,2,48,4,0,0,0.000108226388821927
127848,542511,0,0.24,02_6770454,2,02_41,Oregon,S99E,GRAND AV,State,Paved,4,48,3,10,0,0.00214471490562969
126766,543097,0,0.82,02_6788957,2,02_41,Oregon,U30  P,SANDY BLVD,State,Paved,2,72,3,10,0,0.0102673289221938
125438,541640,0,0.24,02_6723470,2,02_53,Washington, ,RIVER RD,Municipal,Paved,2,56,3,0,0,0.00278181919839648
128389,543764,0,1.6,02_6815095,2,02_53,Washington, ,NE 78TH ST,Municipal,Paved,2,72,3,10,0,0.020550347162171
127061,543291,0,0.09,02_6794309,2,02_53,Washington,S14, ,State,Paved,4,88,2,7,0,0.00100644602715327
125916,540986,0,1.26,02_6693003,2,02_41,Oregon, ,NW CORNELIUS PASS RD,Municipal,Paved,2,56,4,0,0,0.0122975577835486
127339,542130,0,0.8,02_6761689,2,02_41,Oregon,S99E,MCLOUGHLIN BLVD,State,Paved,4,64,3,10,0,0.00796581880339917
127078,542190,0,0.08,02_6763172,2,02_41,Oregon,S213,82ND AV,State,Paved,3,88,3,10,0,0.000751865174216631
123260,542054,0,0.16,02_6759943,2,02_41,Oregon,S224,MILWAUKIE EXWY,State,Paved,4,88,2,7,0,0.00148051128900279
127837,542522,0,0.06,02_6770340,2,02_41,Oregon,I5,PACIFIC HWY,State,Paved,4,104,1,1,0,0.000533355909825695
128003,543047,0,1.14,02_6787862,2,02_41,Oregon,I84,COLUMBIA RIVER HWY,State,Paved,6,104,1,1,0,0.0145545277542833
126082,540961,0,1.05,02_6691927,2,02_41,Oregon,S10,FARMINGTON RD,State,Paved,4,64,3,10,0,0.0132695306134644
126912,543236,0,0.16,02_6792971,2,02_41,Oregon, , ,Municipal,Paved,2,72,3,10,0,0.00156760144918846
127576,542899,0,0.1,02_6781316,2,02_41,Oregon, ,COLUMBIA BLVD,Municipal,Paved,2,40,3,8,0,0.00119604547329053
127505,542927,0,0.01,02_6781773,2,02_41,Oregon, ,COLUMBIA BLVD,Municipal,Paved,2,40,3,8,0,0.000120668809391253
125418,541624,0,0,02_6722400,2,02_41,Oregon, ,LOMBARD ST,Municipal,Paved,2,56,4,8,0,4.44072685594866E-05
128501,543588,0,0.09,02_6809656,2,02_53,Washington, , ,Municipal,Paved,2,56,3,0,0,0.00113002809843785
128335,543642,0,0.03,02_6811645,2,02_53,Washington, , ,Municipal,Paved,4,88,2,0,0,0.000372520694798176
126935,541970,0,0.23,02_6755781,2,02_41,Oregon, ,MOLALLA AV,Municipal,Paved,2,72,4,0,0,0.00227602877887256
126320,541274,0,0.07,02_6700596,2,02_41,Oregon,S8,CANYON RD,State,Paved,2,88,3,7,0,0.000849035125360696
126271,541372,0,0.03,02_6704520,2,02_41,Oregon, ,PORT ACCESS RD,Municipal,Paved,2,72,5,8,0,0.000268018315433631
122976,541428,0,0.14,02_6705800,2,02_41,Oregon,U30, ,State,Paved,4,88,2,7,0,0.00165787472165982
127482,542781,0,0.06,02_6777566,2,02_41,Oregon, ,GLISAN ST,Municipal,Paved,4,56,3,10,0,0.000750003402518368
123142,542435,0,0.1,02_6768371,2,02_41,Oregon, ,BELMONT ST,Municipal,Paved,2,56,4,7,0,0.00122400788661629
128429,543697,0,0.38,02_6813555,2,02_53,Washington, ,NE ST JOHNS RD RD,Municipal,Paved,2,56,3,10,0,0.00346043788381207
125939,541016,0,0.02,02_6693993,2,02_41,Oregon,I5,PACIFIC HWY,State,Paved,6,88,1,1,0,0.000169923755266471
127433,542616,0,0.08,02_6772441,2,02_41,Oregon,S99E,GRAND AV,State,Paved,4,48,3,10,0,0.000679011502903837
127931,543183,0,0.18,02_6790894,2,02_41,Oregon,I84,COLUMBIA RIVER HWY,State,Paved,6,104,1,1,0,0.00228673560620924
127980,543010,0,1.76,02_6786914,2,02_41,Oregon,I84,COLUMBIA RIVER HWY,State,Paved,6,104,1,1,0,0.0223053055856567
125441,541643,0,0.21,02_6723503,2,02_53,Washington,S501,NW NEW LOWER RIVER RD,State,Paved,2,56,3,8,0,0.00261699005621213
128478,543650,0,0.02,02_6811419,2,02_53,Washington, , ,Municipal,Paved,4,88,2,0,0,0.000187747260191276
128595,543877,0,0.11,02_6817966,2,02_53,Washington,I205, ,State,Paved,6,96,1,1,0,0.00118567847499246
126131,541154,0,0.67,02_6697507,2,02_41,Oregon, ,KRUSE WY,Municipal,Paved,4,88,2,7,0,0.00848818319313677
123377,541479,0,0.4,02_6707397,2,02_41,Oregon, ,GREELEY AV,Municipal,Paved,2,72,4,0,0,0.00374940213188464
126294,541462,0,0.01,02_6706104,2,02_41,Oregon,U30,ST HELENS RD,State,Paved,2,72,4,0,0,0.000126495031993514
127127,542265,0,0.01,02_6764501,2,02_41,Oregon,I5,PACIFIC HWY,State,Paved,6,88,1,1,0,4.75184956711643E-05
123048,542726,0,0.39,02_6775756,2,02_41,Oregon, ,COLUMBIA BLVD,Municipal,Paved,4,40,3,8,0,0.00489528499433803
127290,543064,0,2.6,02_6788509,2,02_41,Oregon,I205,E PORTLAND FRWY,State,Paved,8,88,1,1,0,0.02442925578786
125467,540922,0,0.05,02_6690208,2,02_41,Oregon, ,CORNELIUS PASS RD,Municipal,Paved,4,40,3,10,0,0.000434073145622249
128286,543757,0,0.02,02_6815035,2,02_53,Washington,I205, ,State,Paved,4,96,1,1,0,0.000196469148984171
127954,543260,0,0.1,02_6793297,2,02_41,Oregon, , ,Municipal,Paved,4,56,3,10,0,0.000891000699781592
127313,542081,0,0.03,02_6760386,2,02_41,Oregon,S43,WILLAMETTE DR,State,Paved,2,40,3,7,0,0.000338507784139885
127768,542570,0,0.08,02_6771632,2,02_41,Oregon, , ,Municipal,Paved,2,40,3,10,0,0.00101400821710149
127645,542430,0,0.08,02_6768252,2,02_41,Oregon,S99W,FRONT ST,State,Paved,2,72,4,0,0,0.000744000119577796
128358,543519,0,0.6,02_6812335,2,02_53,Washington,S14,LEWIS AND CLARK HWY,State,Paved,4,96,2,7,0,0.0077113517437492
126772,543106,0,0.06,02_6789066,2,02_53,Washington, ,SE 164TH AV,Municipal,Paved,6,64,3,10,0,0.000525186897977664
127055,543274,0,1.23,02_6794192,2,02_53,Washington,S14, ,State,Paved,4,88,2,7,0,0.0153616600317647
126108,540861,0,0.02,02_6687840,2,02_41,Oregon, , ,Municipal,Paved,4,72,3,10,0,0.000179109446500763
126059,540944,0,0.12,02_6690824,2,02_41,Oregon, ,185TH AV,Municipal,Paved,2,72,3,10,0,0.0010651002613283
126649,542974,0,1.63,02_6784209,2,02_41,Oregon,S224, ,State,Paved,2,88,4,0,0,0.0197882294282718
127104,542200,0,0.46,02_6764049,2,02_41,Oregon,I205,E PORTLAND FRWY,State,Paved,6,88,1,1,0,0.00449520007134123
128309,543938,0,0.07,02_6819589,2,02_53,Washington,I205, ,State,Paved,4,96,1,1,0,0.000738031076911908
127413,542111,0,0.15,02_6761128,2,02_41,Oregon,S99E,MCLOUGHLIN BLVD,State,Paved,4,64,3,10,0,0.00139818477585665
127247,542830,0,0.24,02_6779727,2,02_41,Oregon,I84,COLUMBIA RIVER HWY,State,Paved,6,104,1,1,0,0.00302405936498105
127668,542241,0,0.28,02_6766559,2,02_41,Oregon,I5,PACIFIC HWY,State,Paved,6,104,1,1,0,0.00272478096697064
123168,542461,0,0.05,02_6768909,2,02_41,Oregon,I405, ,State,Paved,6,104,1,1,0,0.000543037560542565
127911,543157,0,0.06,02_6790239,2,02_41,Oregon, , ,Municipal,Paved,6,72,3,10,0,0.000577087154468978
127170,542964,0,0.2,02_6783121,2,02_41,Oregon, ,AIRPORT WY,Municipal,Paved,4,64,3,8,0,0.00236208192147272
126749,544047,0,1.63,02_6824077,2,02_53,Washington, , ,Municipal,Paved,4,72,3,10,0,0.0202613527259498
123334,541650,0,0.21,02_6723600,2,02_53,Washington, ,RIVER RD,Municipal,Paved,2,56,3,0,0,0.00249383564154796
125890,541232,0,2.12,02_6702032,2,02_41,Oregon,S8,CANYON RD,State,Paved,2,88,3,10,0,0.0241904218350444
127390,542185,0,0.07,02_6763061,2,02_41,Oregon,S213,82ND AV,State,Paved,4,88,2,7,0,0.000697925188808854
123240,542036,0,0.74,02_6758830,2,02_41,Oregon,S99W,BARBUR BLVD,State,Paved,2,88,3,10,0,0.00666877726840729
123185,542352,0,0.08,02_6767287,2,02_41,Oregon,U26,POWELL BLVD,State,Paved,4,64,3,10,0,0.00102403162131096
123234,542307,0,0.09,02_6765663,2,02_41,Oregon,U26, ,State,Paved,2,80,4,0,0,0.00105809239749755
123191,542398,0,0.04,02_6767367,2,02_41,Oregon,U30  B,BURNSIDE ST,State,Paved,2,72,3,10,0,0.000486641909606003
128054,543145,0,0.08,02_6789806,2,02_41,Oregon, , ,Municipal,Paved,6,72,3,10,0,0.000756042210199854
127027,543023,0,0.91,02_6786238,2,02_41,Oregon, ,GLISAN ST,Municipal,Paved,4,64,3,10,0,0.0116940262964833
127888,542695,0,0.07,02_6775000,2,02_41,Oregon,U30  P,LOMBARD ST,State,Paved,4,56,4,0,0,0.000888002182268843
123068,542740,0,0.17,02_6776397,2,02_41,Oregon,I5,PACIFIC HWY,State,Paved,6,104,1,1,0,0.00159357787157969
128521,543599,0,0.08,02_6810135,2,02_53,Washington, ,W MCLOUGHLIN BLVD,Municipal,Paved,2,40,3,10,0,0.00107503719965644
125896,540966,0,0.36,02_6692066,2,02_41,Oregon,S10,FARMINGTON RD,State,Paved,4,56,3,10,0,0.00459072831930038
123383,538102,0,0.72,02_6707562,2,02_41,Oregon, ,GOING ST,Municipal,Paved,4,64,4,8,0,0.00915978728701004
125965,541314,0,1.03,02_6702600,2,02_41,Oregon,U30  P,PHILADELPHIA AV,State,Paved,5,56,4,8,0,0.0120310930976327
123211,542289,0,0.01,02_6765067,2,02_41,Oregon,U26E,POWELL BLVD,State,Paved,2,64,4,0,0,0.000112361026164762
127121,542262,0,0.01,02_6764448,2,02_41,Oregon,S43S,HOOD AV,State,Paved,2,56,3,10,0,9.30862457446815E-05
127788,542594,0,0.04,02_6771864,2,02_41,Oregon,I5,PACIFIC HWY,State,Paved,4,104,1,1,0,0.00037311825635956
126629,542967,0,0.06,02_6783143,2,02_41,Oregon, ,AIRPORT WY,Municipal,Paved,4,72,3,8,0,0.000704826739506209
127296,543090,0,0.02,02_6788700,2,02_53,Washington,S14,LEWIS AND CLARK HWY,State,Paved,4,96,2,7,0,0.000235281006191771
128378,543509,0,0.79,02_6813126,2,02_53,Washington, ,E FOURTH PLAIN BLVD,Municipal,Paved,4,48,3,10,0,0.00973574019628236
127960,543262,0,0.11,02_6793684,2,02_41,Oregon, , ,Municipal,Paved,2,56,3,10,0,0.000983553507016621
128452,543737,0,0.05,02_6814257,2,02_53,Washington,I5, ,State,Paved,6,96,1,1,0,0.000482706060856351
126039,540888,0,0.97,02_6688605,2,02_41,Oregon,S8,TUALATIN VALLEY HWY,State,Paved,4,80,3,7,0,0.01234434482529
127319,542090,0,0.1,02_6760439,2,02_41,Oregon,S99E,MCLOUGHLIN BLVD,State,Paved,4,48,3,10,0,0.00118684625224967
126016,541054,0,0.05,02_6695366,2,02_41,Oregon,S10,BARBUR BLVD,State,Paved,2,88,3,7,0,0.000662589680463521
127098,542202,0,0.39,02_6763896,2,02_41,Oregon,I205,E PORTLAND FRWY,State,Paved,6,88,1,1,0,0.00358088683860757
127221,542827,0,0.77,02_6778997,2,02_41,Oregon,S213,82ND AV,State,Paved,4,56,3,10,0,0.00692604522379373
127860,542546,0,0.03,02_6770588,2,02_41,Oregon,I5,PACIFIC HWY,State,Paved,4,104,1,1,0,0.000269186094793524
127762,542565,0,0.16,02_6771246,2,02_41,Oregon,S99E,GRAND AV,State,Paved,4,48,3,10,0,0.00141501785403474
127811,542613,0,0,02_6772397,2,02_41,Oregon,S99E,UNION AV,State,Paved,4,48,3,10,0,4.29994793620381E-05
127270,543063,0,0.15,02_6787924,2,02_41,Oregon, , ,Municipal,Paved,2,72,3,10,0,0.001890053501782
127147,542949,0,0.2,02_6782499,2,02_41,Oregon,U30  P,COLUMBIA BLVD,State,Paved,5,72,3,8,0,0.00247803324372905
126557,544062,0,1.64,02_6823009,2,02_53,Washington, ,NE 162ND AV,Municipal,Paved,4,64,3,10,0,0.0149660188732693
126606,543811,0,0.07,02_6816241,2,02_53,Washington,S500, ,State,Paved,4,88,2,7,0,0.00084100066903712
128401,543771,0,0.63,02_6815351,2,02_53,Washington,I205, ,State,Paved,4,96,1,1,0,0.00706130552219608
127333,542117,0,0.14,02_6761607,2,02_41,Oregon,S213,S CASCADE HWY,State,Paved,4,72,3,10,0,0.00128623732442633
126337,541268,0,0.1,02_6701077,2,02_41,Oregon,S8,CANYON RD,State,Paved,2,88,3,10,0,0.00121501419554452
127084,542172,0,0.64,02_6763217,2,02_41,Oregon,S213,82ND AV,State,Paved,4,56,3,10,0,0.0057714813887644
123254,542051,0,0.01,02_6759440,2,02_41,Oregon,S99E,MCLOUGHLIN BLVD,State,Paved,4,56,3,7,0,8.80225658204402E-05
127582,542911,0,0.33,02_6781419,2,02_41,Oregon,S213,82ND AV,State,Paved,4,72,3,10,0,0.00298725809211248
127831,542384,0,0.19,02_6769968,2,02_41,Oregon,I5,PACIFIC HWY,State,Paved,6,104,1,1,0,0.00174742046877392
125424,541630,0,0.11,02_6722499,2,02_41,Oregon, ,MARINE DR,Municipal,Paved,4,56,4,8,0,0.00125597146588773
125661,540832,0,0.28,02_6687024,2,02_41,Oregon,S210,SCHOLLS FERRY RD,State,Paved,2,88,3,10,0,0.00349635999791527
125910,540939,0,0.71,02_6692496,2,02_41,Oregon, ,MURRAY BLVD,Municipal,Paved,4,72,3,7,0,0.00672223046351042
126941,541978,0,0.28,02_6756293,2,02_41,Oregon,S213,S CASCADE HWY,State,Paved,2,56,3,10,0,0.00269125247394086
125945,540995,0,0.4,02_6694345,2,02_41,Oregon,I5,PACIFIC HWY,State,Paved,6,88,1,1,0,0.00371513185791317
127476,542773,0,0.76,02_6777029,2,02_41,Oregon,U26,POWELL BLVD,State,Paved,4,56,3,10,0,0.00966121820264716
123148,542443,0,0.02,02_6768421,2,02_41,Oregon,I5,PACIFIC HWY,State,Paved,6,104,1,1,0,0.00018069694797294
127439,542620,0,0.01,02_6772517,2,02_41,Oregon,S99E,GRAND AV,State,Paved,2,48,3,10,0,5.24024836288502E-05
127974,543036,0,0.17,02_6786841,2,02_41,Oregon, , ,Municipal,Paved,4,72,3,10,0,0.00211900093474629
128472,543523,0,0.22,02_6811339,2,02_53,Washington,I5, ,State,Paved,6,96,1,1,0,0.00198632597854701
128601,543885,0,0.01,02_6818332,2,02_53,Washington,I205, ,State,Paved,6,96,1,1,0,9.32366397013612E-05
126978,543403,0,0.44,02_6803118,2,02_53,Washington, ,NE 6TH AVE,Municipal,Paved,4,56,3,10,0,0.00553211852729153
123291,542010,0,3.14,02_6758327,2,02_41,Oregon,S43,WILLAMETTE DR,State,Paved,2,40,3,7,0,0.0344928027484087
126208,541071,0,0.5,02_6696076,2,02_41,Oregon,I5,PACIFIC HWY,State,Paved,7,88,1,1,0,0.00464881124742441
125959,541319,0,0.22,02_6702462,2,02_41,Oregon,U30,ST HELENS RD,State,Paved,4,64,3,7,0,0.00237659008426541
123205,542243,0,0.35,02_6764988,2,02_41,Oregon,S43N,MACADAM AV,State,Paved,2,64,3,10,0,0.00319459749705156
127868,542551,0,0.11,02_6771025,2,02_41,Oregon,I84,EXIT,State,Paved,6,104,1,1,0,0.00103882609995472
127631,542404,0,0.05,02_6767833,2,02_41,Oregon, ,EVERETT ST,Municipal,Paved,2,72,4,8,0,0.000598101559515506
127619,542670,0,0.16,02_6774267,2,02_41,Oregon, ,INTERSTATE AVE,Municipal,Paved,2,64,4,8,0,0.00143326021693771
127533,542671,0,0.05,02_6774402,2,02_41,Oregon,I5,PACIFIC HWY,State,Paved,6,88,1,1,0,0.000483083606919653
127880,542711,0,0,02_6774943,2,02_41,Oregon,U30  P,LOMBARD ST,State,Paved,4,56,4,0,0,2.90003123382121E-05
128458,543612,0,0.16,02_6810901,2,02_53,Washington,I5, ,State,Paved,6,96,1,1,0,0.00145506486909211
126786,543127,0,0.13,02_6789618,2,02_41,Oregon, , ,Municipal,Paved,6,72,3,10,0,0.00117915281947381
126549,544058,0,0.27,02_6822551,2,02_53,Washington, ,NE FOURTH PLAIN RD,Municipal,Paved,4,64,3,10,0,0.00335719980551824
126194,541075,0,0.16,02_6695659,2,02_41,Oregon, , ,Municipal,Paved,3,40,3,10,0,0.00204379442187325
122862,541196,0,0.12,02_6698392,2,02_41,Oregon,S99W,BARBUR BLVD,State,Paved,2,88,3,10,0,0.00148997093900736
126145,541188,0,0.03,02_6698022,2,02_41,Oregon,S10,BARBUR BLVD,State,Paved,2,88,3,7,0,0.000356271283564948
122948,541257,0,0.18,02_6700194,2,02_41,Oregon,S8,CANYON RD,State,Paved,2,88,3,7,0,0.00233177447811912
127227,542837,0,0.59,02_6779472,2,02_41,Oregon,I84,COLUMBIA RIVER HWY,State,Paved,6,104,1,1,0,0.00726349407868841
127817,542494,0,0.16,02_6769828,2,02_41,Oregon,I5,PACIFIC HWY,State,Paved,4,104,1,1,0,0.00158754771775875
127141,542944,0,0.08,02_6782423,2,02_41,Oregon,U30  B,SANDY BLVD,State,Paved,3,72,3,10,0,0.000924132523249149
127276,543072,0,0.01,02_6788060,2,02_41,Oregon, ,AIRPORT WY,Municipal,Paved,2,40,3,8,0,0.00015530983208554
126600,543797,0,1.11,02_6816127,2,02_53,Washington, ,NE ANDERSEN AV,Municipal,Paved,2,56,3,10,0,0.010153268500929
127190,542806,0,0.15,02_6778289,2,02_41,Oregon,U26,POWELL BLVD,State,Paved,4,56,3,10,0,0.00196000916637335
128272,543747,0,0.24,02_6814487,2,02_53,Washington, ,NE HWY 99,Municipal,Paved,4,56,3,10,0,0.00230461331909029
126002,541045,0,0.3,02_6694813,2,02_41,Oregon,S99W,W PACIFIC HWY,State,Paved,2,88,3,7,0,0.00330786508554002
126008,541050,0,0.3,02_6695252,2,02_41,Oregon,S217,BEAVERTON-TIGARD HWY,State,Paved,4,88,2,7,0,0.00338302992998451
126245,541332,0,0.28,02_6703626,2,02_41,Oregon,U26,SUNSET HWY,State,Paved,7,88,2,7,0,0.00347431883724885
126251,541351,0,0.04,02_6703833,2,02_41,Oregon,I405,STADIUM EXWY,State,Paved,6,104,1,1,0,0.000350481710993612
127917,543170,0,0.1,02_6790375,2,02_41,Oregon, , ,Municipal,Paved,6,72,3,10,0,0.000905411262436368
128172,543953,0,0.32,02_6820200,2,02_53,Washington,I205, ,State,Paved,4,96,1,1,0,0.00362376312748461
128166,543950,0,0.52,02_6820124,2,02_53,Washington, ,NE ANDRESEN RD,Municipal,Paved,4,72,4,0,0,0.00465145339286234
128415,543786,0,0.02,02_6815879,2,02_53,Washington,I205, ,State,Paved,4,96,1,1,0,0.000187664751429187
128409,543779,0,0.1,02_6815828,2,02_53,Washington,I205, ,State,Paved,4,96,1,1,0,0.00115747839802885
126351,541391,0,0.01,02_6704749,2,02_41,Oregon,U26, ,State,Paved,3,56,4,0,0,0.000176054637467535
123197,542391,0,0.08,02_6767697,2,02_41,Oregon,U30  B,BURNSIDE ST,State,Paved,2,72,3,10,0,0.00101821746647665
127525,542223,0,0.19,02_6774307,2,02_41,Oregon,I5,PACIFIC HWY,State,Paved,4,104,1,1,0,0.00172226467064336
128066,543154,0,0.02,02_6790208,2,02_41,Oregon, , ,Municipal,Paved,6,72,3,10,0,0.000180999634629586
128515,543592,0,0.09,02_6810064,2,02_53,Washington, ,W 15TH ST,Municipal,Paved,3,40,3,0,0,0.00109616891404977
125902,540963,0,0.22,02_6692202,2,02_41,Oregon, ,MURRAY BLVD,Municipal,Paved,4,72,3,7,0,0.00203558013932663
128564,543902,0,0.03,02_6818702,2,02_53,Washington,S500, ,State,Paved,5,88,2,7,0,0.000391086182676071
128558,543896,0,0.36,02_6818585,2,02_53,Washington,S500, ,State,Paved,5,88,2,7,0,0.00430172776042035
128017,543203,0,0.51,02_6791333,2,02_41,Oregon,U26,POWELL BLVD,State,Paved,3,56,3,10,0,0.00655580365661837
128023,543202,0,0.45,02_6791504,2,02_41,Oregon,U26,POWELL BLVD,State,Paved,4,56,3,10,0,0.0057507132067687
126892,543224,0,0.07,02_6792180,2,02_41,Oregon, , ,Municipal,Paved,4,56,3,10,0,0.000615730997002888
126202,541083,0,0.05,02_6696038,2,02_41,Oregon, , ,Municipal,Paved,2,72,3,10,0,0.000508497318569697
125953,541027,0,0.52,02_6694479,2,02_41,Oregon,S210,SCHOLLS FERRY RD,State,Paved,4,64,3,10,0,0.00628542146670967
123297,542032,0,0.37,02_6758619,2,02_41,Oregon,S43,COUNTRY CLUB RD,State,Paved,4,48,3,7,0,0.00402257403662642
127874,542559,0,0.03,02_6771088,2,02_41,Oregon,S99E,UNION AV,State,Paved,4,48,3,10,0,0.000286753279557189
127625,542394,0,0.06,02_6767795,2,02_41,Oregon, ,BROADWAY AV,Municipal,Paved,2,72,3,8,0,0.000560357218779756
122956,541418,0,0,02_6705279,2,02_41,Oregon,I405,STADIUM EXWY,State,Paved,4,104,1,1,0,8.99961980849184E-06
127035,543030,0,0.33,02_6786680,2,02_41,Oregon,I84,COLUMBIA RIVER HWY,State,Paved,6,104,1,1,0,0.00415895898892612
127284,543079,0,0.02,02_6788110,2,02_41,Oregon,I205,E PORTLAND FRWY,State,Paved,6,88,1,1,0,0.000204401623127727
128366,543686,0,0.47,02_6812523,2,02_53,Washington, ,E FOURTH PLAIN BLVD,Municipal,Paved,4,48,3,10,0,0.00603619560743278
125461,540927,0,0.06,02_6689862,2,02_41,Oregon, ,CORNELL RD,Municipal,Paved,5,40,3,7,0,0.000583459369137975
126151,541127,0,0.16,02_6696695,2,02_41,Oregon, , ,Municipal,Paved,4,72,3,10,0,0.00164748376167603
122856,541192,0,0,02_6698111,2,02_41,Oregon,S99W,BARBUR BLVD,State,Paved,2,88,3,10,0,4.70744955471555E-05
127184,542772,0,1.34,02_6778180,2,02_41,Oregon,S213,82ND AV,State,Paved,4,56,3,10,0,0.012097615418698
127774,542499,0,0.14,02_6771694,2,02_41,Oregon,U30  B,SANDY BLVD,State,Paved,3,72,3,10,0,0.00170726045358201
127725,542477,0,0.02,02_6769048,2,02_41,Oregon, ,INTERSTATE AVE,Municipal,Paved,2,56,4,8,0,0.000187780514588799
127233,542845,0,0.33,02_6779564,2,02_41,Oregon,I205,E PORTLAND FRWY,State,Paved,6,88,1,1,0,0.00293678732929253
126102,540843,0,0.1,02_6687495,2,02_41,Oregon, , ,Municipal,Paved,4,72,3,10,0,0.00113767855909001
126643,542986,0,0.06,02_6783722,2,02_41,Oregon,S212,CARVER HWY,State,Paved,2,88,3,7,0,0.000777636693561464
128315,543945,0,0.11,02_6819993,2,02_53,Washington,I205, ,State,Paved,4,96,1,1,0,0.00125524818892363
128266,543739,0,0.13,02_6814362,2,02_53,Washington,I5, ,State,Paved,8,96,1,1,0,0.00125754941272137
